district_,mandal,wardname,female,male,transgender,total_illiterates,total_illiterates_by_ward,percentage_male,percentage_female,rank_by_illiterates
KHAMMAM,ASWAPURAM,AMERDA,418,300.0,1.0,718.0,718.0,41.78272980501393,58.21727019498607,346
KHAMMAM,ASWAPURAM,AMMAGARIPALLI,532,390.0,2.0,922.0,922.0,42.299349240780906,57.70065075921909,277
KHAMMAM,ASWAPURAM,ANANDAPURAM,209,137.0,2.4959349593495936,346.0,346.0,39.59537572254335,60.40462427745664,493
KHAMMAM,ASWAPURAM,ASWAPURAM,1670,947.0,2.4959349593495936,2617.0,2617.0,36.18647306075659,63.8135269392434,19
KHAMMAM,ASWAPURAM,CHINTRIYALA,395,298.0,1.0,693.0,693.0,43.001443001443,56.99855699855701,358
KHAMMAM,ASWAPURAM,GOLLAGUDEM,579,377.0,1.0,956.0,1543.0,24.43292287751134,37.52430330524951,113
KHAMMAM,ASWAPURAM,GONDIGUDEM,756,580.0,3.0,1336.0,1336.0,43.41317365269461,56.58682634730538,145
KHAMMAM,ASWAPURAM,JAGGARAM,370,253.0,1.0,623.0,1431.0,17.679944095038437,25.85604472396925,131
KHAMMAM,ASWAPURAM,MALLELAMADUGU,599,410.0,2.4959349593495936,1009.0,1009.0,40.634291377601585,59.365708622398415,241
KHAMMAM,ASWAPURAM,MITTAGUDEM,451,282.0,2.4959349593495936,733.0,733.0,38.47203274215553,61.52796725784447,341
KHAMMAM,ASWAPURAM,MONDIKUNTA,456,312.0,2.0,768.0,768.0,40.625,59.375,332
KHAMMAM,ASWAPURAM,NELLIPAKA,547,353.0,3.0,900.0,900.0,39.22222222222223,60.77777777777777,289
KHAMMAM,ASWAPURAM,THUMMALACHERUVU,837,662.0,5.0,1499.0,1499.0,44.162775183455636,55.837224816544364,119
KHAMMAM,ASWARAOPETA,ACHUTHAPURAM,351,272.0,2.4959349593495936,623.0,623.0,43.659711075441415,56.34028892455859,381
KHAMMAM,ASWARAOPETA,ANANTHARAM,312,254.0,1.0,566.0,1758.0,14.448236632536974,17.747440273037544,76
KHAMMAM,ASWARAOPETA,ASUPAKA,1226,1006.0,5.0,2232.0,2232.0,45.07168458781362,54.92831541218638,33
KHAMMAM,ASWARAOPETA,ASWARAOPETA,515,350.0,7.0,865.0,865.0,40.46242774566474,59.53757225433526,299
KHAMMAM,ASWARAOPETA,BACHUVARIGUDEM,222,189.0,2.4959349593495936,411.0,411.0,45.98540145985402,54.01459854014598,476
KHAMMAM,ASWARAOPETA,GUMMADAVALLI,890,728.0,1.0,1618.0,1618.0,44.9938195302843,55.006180469715694,101
KHAMMAM,ASWARAOPETA,JAMMIGUDEM,398,317.0,3.0,715.0,715.0,44.33566433566434,55.66433566433566,347
KHAMMAM,ASWARAOPETA,KANNAIGUDEM,620,522.0,2.4959349593495936,1142.0,1142.0,45.709281961471106,54.290718038528894,193
KHAMMAM,ASWARAOPETA,KAVIDIGUNDLA,318,262.0,2.4959349593495936,580.0,580.0,45.17241379310345,54.82758620689655,401
KHAMMAM,ASWARAOPETA,KOTHA MAMILLAVARI GUDEM,285,250.0,1.0,535.0,535.0,46.728971962616825,53.271028037383175,422
KHAMMAM,ASWARAOPETA,NANDIPADU,761,594.0,3.0,1355.0,1355.0,43.837638376383765,56.16236162361624,139
KHAMMAM,ASWARAOPETA,NARAMVARIGUDEM,603,496.0,3.0,1099.0,1099.0,45.1319381255687,54.868061874431305,208
KHAMMAM,ASWARAOPETA,NARAYANA PURAM,903,762.0,2.0,1665.0,1665.0,45.765765765765764,54.234234234234236,92
KHAMMAM,ASWARAOPETA,OOTLAPALLI,731,579.0,2.4959349593495936,1310.0,1310.0,44.19847328244275,55.80152671755725,156
KHAMMAM,ASWARAOPETA,PERAIGUDEM,858,599.0,1.0,1457.0,1457.0,41.11187371310913,58.88812628689087,127
KHAMMAM,ASWARAOPETA,TIRUMALAKUNTA,697,545.0,2.0,1242.0,1242.0,43.88083735909823,56.11916264090178,170
KHAMMAM,BAYYARAM,BALAJIPETA,481,343.0,3.0,824.0,824.0,41.62621359223301,58.37378640776699,313
KHAMMAM,BAYYARAM,BAYYARAM,515,350.0,6.0,865.0,3053.0,11.464133639043563,16.8686537831641,13
KHAMMAM,BAYYARAM,GOWRARAM,752,537.0,2.0,1289.0,2794.0,19.219756621331424,26.91481746599857,17
KHAMMAM,BAYYARAM,IRSULAPURAM,644,349.0,2.4959349593495936,993.0,993.0,35.146022155085596,64.8539778449144,246
KHAMMAM,BAYYARAM,KAMBALAPALLI,1094,825.0,1.0,1919.0,1919.0,42.9911412193851,57.0088587806149,60
KHAMMAM,BAYYARAM,KOTHAGUDEM,851,613.0,3.0,1464.0,1491.0,41.11334674714956,57.075788061703555,120
KHAMMAM,BAYYARAM,KOTHAPETA,1851,1237.0,3.0,3088.0,3088.0,40.05829015544041,59.94170984455959,10
KHAMMAM,BAYYARAM,RAMACHANDRAPURAM,570,414.0,4.0,984.0,1319.0,31.387414708112203,43.214556482183475,150
KHAMMAM,BAYYARAM,UPPALAPADU,723,485.0,1.0,1208.0,1208.0,40.14900662251656,59.85099337748344,175
KHAMMAM,BAYYARAM,VENKATAPURAM,844,628.0,4.0,1472.0,2912.0,21.565934065934066,28.983516483516485,16
KHAMMAM,BAYYARAM,VENKATRAMPURAM,502,343.0,2.4959349593495936,845.0,845.0,40.59171597633136,59.408284023668635,303
KHAMMAM,BHADRACHALAM,BHADRACHALAM,515,350.0,2.4959349593495936,865.0,865.0,40.46242774566474,59.53757225433526,299
KHAMMAM,BHADRACHALAM,YETAPAKA,5,5.0,2.4959349593495936,10.0,10.0,50.0,50.0,526
KHAMMAM,BONAKAL,ALLAPADU,480,326.0,1.0,806.0,806.0,40.44665012406948,59.553349875930515,318
KHAMMAM,BONAKAL,BONAKAL,924,551.0,1.0,1475.0,1475.0,37.35593220338983,62.64406779661017,123
KHAMMAM,BONAKAL,BRAHMANAPALLE (K),353,242.0,2.0,595.0,595.0,40.67226890756302,59.32773109243698,390
KHAMMAM,BONAKAL,CHINNA BEERAVALLI,301,221.0,2.0,522.0,522.0,42.337164750957854,57.662835249042146,424
KHAMMAM,BONAKAL,CHIRUNOMULA,533,358.0,1.0,891.0,891.0,40.17957351290685,59.82042648709316,293
KHAMMAM,BONAKAL,CHOPPAKATLA PALEM,518,338.0,2.0,856.0,1513.0,22.33972240581626,34.236615994712494,117
KHAMMAM,BONAKAL,GARLAPADU,124,87.0,2.4959349593495936,211.0,211.0,41.23222748815166,58.767772511848335,513
KHAMMAM,BONAKAL,GOVINDAPURAM,195,112.0,2.4959349593495936,307.0,307.0,36.48208469055375,63.51791530944625,503
KHAMMAM,BONAKAL,JANAKIPURAM,422,283.0,1.0,705.0,705.0,40.14184397163121,59.85815602836879,353
KHAMMAM,BONAKAL,KALAKOTA,485,321.0,1.0,806.0,806.0,39.826302729528535,60.17369727047146,318
KHAMMAM,BONAKAL,LAXMIPURAM,855,584.0,1.0,1439.0,1742.0,33.524684270952925,49.08151549942595,79
KHAMMAM,BONAKAL,MOTAMARRI,664,457.0,2.4959349593495936,1121.0,1121.0,40.76717216770741,59.2328278322926,201
KHAMMAM,BONAKAL,MUSTIKUNTLA,979,629.0,2.4959349593495936,1608.0,1608.0,39.116915422885576,60.88308457711443,104
KHAMMAM,BONAKAL,NARAYANAPURAM,331,218.0,1.0,549.0,1428.0,15.266106442577032,23.179271708683473,133
KHAMMAM,BONAKAL,PEDDABEERAVALLI,389,231.0,1.0,620.0,620.0,37.25806451612903,62.74193548387097,382
KHAMMAM,BONAKAL,RAMAPURAM,227,164.0,2.0,391.0,391.0,41.94373401534527,58.05626598465473,484
KHAMMAM,BONAKAL,RAPALLI,217,175.0,2.4959349593495936,392.0,392.0,44.642857142857146,55.35714285714286,483
KHAMMAM,BONAKAL,RAVINOOTHALA,1007,683.0,2.0,1690.0,1690.0,40.414201183431956,59.585798816568044,86
KHAMMAM,BONAKAL,RAYANAPETA,335,243.0,2.0,578.0,578.0,42.04152249134948,57.95847750865052,403
KHAMMAM,BONAKAL,TUTIKUNTLA,440,271.0,1.0,711.0,711.0,38.11533052039381,61.88466947960619,349
KHAMMAM,BURGAMPAHAD,BURGAMPAHAD,1161,708.0,2.0,1869.0,1869.0,37.881219903691814,62.11878009630819,67
KHAMMAM,BURGAMPAHAD,IRVENDI,608,461.0,3.0,1069.0,1069.0,43.124415341440596,56.8755846585594,218
KHAMMAM,BURGAMPAHAD,LAKSHMIPURAM,465,328.0,1.0,793.0,2004.0,16.367265469061877,23.20359281437126,51
KHAMMAM,BURGAMPAHAD,MORAMPALLE,1947,1361.0,7.0,3308.0,3308.0,41.14268440145103,58.85731559854898,4
KHAMMAM,BURGAMPAHAD,MUSALIMADUGU,715,458.0,2.4959349593495936,1173.0,1666.0,27.490996398559425,42.9171668667467,91
KHAMMAM,BURGAMPAHAD,NAGINENIPROLU,1053,678.0,1.0,1731.0,1731.0,39.168110918544194,60.831889081455806,80
KHAMMAM,BURGAMPAHAD,PINAPAKA PATTINAGAR,850,586.0,5.0,1436.0,1436.0,40.807799442896936,59.19220055710307,129
KHAMMAM,BURGAMPAHAD,SAARAPAKA,515,350.0,7.0,865.0,865.0,40.46242774566474,59.53757225433526,299
KHAMMAM,BURGAMPAHAD,TEKULACHERUVU,246,185.0,1.0,431.0,431.0,42.92343387470998,57.076566125290014,467
KHAMMAM,CHANDRUGONDA,ABBUGUDEM,449,375.0,2.4959349593495936,824.0,824.0,45.50970873786408,54.490291262135926,313
KHAMMAM,CHANDRUGONDA,ANNAPUREDDIPALLI,978,704.0,2.4959349593495936,1682.0,1682.0,41.85493460166468,58.14506539833532,88
KHAMMAM,CHANDRUGONDA,CHANDRUGONDA,1253,943.0,5.0,2196.0,2196.0,42.94171220400729,57.05828779599271,35
KHAMMAM,CHANDRUGONDA,DAMERACHERLA,524,438.0,2.0,962.0,962.0,45.53014553014553,54.469854469854475,262
KHAMMAM,CHANDRUGONDA,GANUGAPADU,882,635.0,1.0,1517.0,1517.0,41.85893210283454,58.141067897165456,115
KHAMMAM,CHANDRUGONDA,GUMPENA,369,272.0,2.0,641.0,641.0,42.43369734789392,57.56630265210608,375
KHAMMAM,CHANDRUGONDA,GURRAMGUDEM,529,380.0,2.4959349593495936,909.0,909.0,41.8041804180418,58.1958195819582,284
KHAMMAM,CHANDRUGONDA,MADDUKURU,366,212.0,2.4959349593495936,578.0,578.0,36.67820069204152,63.32179930795848,403
KHAMMAM,CHANDRUGONDA,MARRIGUDEM,424,357.0,2.4959349593495936,781.0,2572.0,13.880248833592535,16.485225505443236,20
KHAMMAM,CHANDRUGONDA,NARSAPURAM,554,374.0,2.4959349593495936,928.0,1906.0,19.62224554039874,29.06610703043022,61
KHAMMAM,CHANDRUGONDA,PEDDIREDDIGUDEM,1074,741.0,2.0,1815.0,1815.0,40.82644628099173,59.17355371900827,69
KHAMMAM,CHANDRUGONDA,PENTLAM,458,371.0,1.0,829.0,829.0,44.75271411338962,55.24728588661038,310
KHAMMAM,CHANDRUGONDA,POKALAGUDEM,818,646.0,2.4959349593495936,1464.0,1464.0,44.12568306010929,55.87431693989071,126
KHAMMAM,CHANDRUGONDA,RAVIKAMPADU,557,437.0,3.0,994.0,994.0,43.96378269617706,56.03621730382293,245
KHAMMAM,CHANDRUGONDA,THUNGARAM,530,378.0,1.0,908.0,908.0,41.629955947136565,58.370044052863435,285
KHAMMAM,CHANDRUGONDA,TIPPANAPALLI,900,654.0,2.4959349593495936,1554.0,1554.0,42.084942084942085,57.91505791505791,111
KHAMMAM,CHANDRUGONDA,VOOTUPALLI,279,222.0,2.4959349593495936,501.0,501.0,44.31137724550898,55.688622754491014,439
KHAMMAM,CHERLA,CHERLA,515,350.0,2.4959349593495936,865.0,865.0,40.46242774566474,59.53757225433526,299
KHAMMAM,CHERLA,DEVARAPALLI,671,525.0,2.4959349593495936,1196.0,1196.0,43.89632107023411,56.10367892976589,177
KHAMMAM,CHERLA,GOMMUGUDEM,219,134.0,1.0,353.0,353.0,37.960339943342774,62.03966005665722,491
KHAMMAM,CHERLA,KUDUNURU,359,267.0,1.0,626.0,626.0,42.6517571884984,57.34824281150159,380
KHAMMAM,CHERLA,KURNAVALLY,629,450.0,2.4959349593495936,1079.0,1079.0,41.705282669138086,58.294717330861914,215
KHAMMAM,CHERLA,MOGALLAPALLY,541,417.0,2.0,958.0,958.0,43.528183716075155,56.471816283924845,263
KHAMMAM,CHERLA,PEDAMIDISILERU,1104,833.0,4.0,1937.0,1937.0,43.00464636035105,56.99535363964894,58
KHAMMAM,CHERLA,PEDDIPALLI,568,408.0,2.4959349593495936,976.0,976.0,41.80327868852459,58.19672131147541,254
KHAMMAM,CHERLA,PUSUGUPPA,284,178.0,1.0,462.0,462.0,38.52813852813853,61.471861471861466,455
KHAMMAM,CHERLA,R.KOTHAGUDEM,579,442.0,1.0,1021.0,1021.0,43.29089128305583,56.709108716944165,236
KHAMMAM,CHERLA,SATYANARAYANAPURAM,271,177.0,1.0,448.0,448.0,39.50892857142857,60.49107142857143,461
KHAMMAM,CHERLA,SUBBAMPETA,622,467.0,2.0,1089.0,1089.0,42.88337924701561,57.116620752984396,210
KHAMMAM,CHERLA,TEGADA,855,645.0,2.0,1500.0,1500.0,43.0,56.99999999999999,118
KHAMMAM,CHERLA,UPPERUGUDEM,393,238.0,1.0,631.0,631.0,37.717908082408876,62.28209191759112,377
KHAMMAM,CHINTHAKANI,ANANTHASAGAR,364,228.0,2.4959349593495936,592.0,592.0,38.513513513513516,61.48648648648649,392
KHAMMAM,CHINTHAKANI,BASVAPURAM,280,182.0,1.0,462.0,462.0,39.39393939393939,60.60606060606061,455
KHAMMAM,CHINTHAKANI,BOPPARAM,459,273.0,2.0,732.0,732.0,37.295081967213115,62.704918032786885,342
KHAMMAM,CHINTHAKANI,CHINAMANDAVA,414,270.0,2.0,684.0,684.0,39.473684210526315,60.526315789473685,362
KHAMMAM,CHINTHAKANI,CHINTHAKANI,1048,663.0,1.0,1711.0,1711.0,38.749269433080066,61.250730566919934,83
KHAMMAM,CHINTHAKANI,JAGANNADHAPURAM,210,146.0,1.0,356.0,3798.0,3.8441284886782516,5.529225908372828,1
KHAMMAM,CHINTHAKANI,KODUMUR,583,363.0,2.0,946.0,946.0,38.372093023255815,61.627906976744185,266
KHAMMAM,CHINTHAKANI,KOMATLAGUDEM,478,318.0,2.4959349593495936,796.0,1869.0,17.014446227929376,25.575173889780633,67
KHAMMAM,CHINTHAKANI,LATCHAGUDEM,642,411.0,2.0,1053.0,1053.0,39.03133903133903,60.96866096866097,223
KHAMMAM,CHINTHAKANI,MATHKEPALLI,515,377.0,2.4959349593495936,892.0,892.0,42.26457399103139,57.7354260089686,292
KHAMMAM,CHINTHAKANI,NAGILI KONDA,562,381.0,2.4959349593495936,943.0,943.0,40.402969247083774,59.597030752916226,268
KHAMMAM,CHINTHAKANI,NAGULA VANCHA,1271,792.0,3.0,2063.0,2063.0,38.39069316529326,61.609306834706736,48
KHAMMAM,CHINTHAKANI,NERADA,598,398.0,2.4959349593495936,996.0,996.0,39.959839357429715,60.040160642570285,243
KHAMMAM,CHINTHAKANI,PANDILLAPALLI,409,261.0,2.0,670.0,670.0,38.95522388059702,61.04477611940299,367
KHAMMAM,CHINTHAKANI,PATHARLAPADU,810,506.0,2.0,1316.0,2077.0,24.362060664419836,38.998555609051515,47
KHAMMAM,CHINTHAKANI,PRODDUTUR,768,474.0,1.0,1242.0,1242.0,38.164251207729464,61.83574879227053,170
KHAMMAM,CHINTHAKANI,RAMAKRISHNAPURAM,703,442.0,2.0,1145.0,1145.0,38.60262008733624,61.39737991266375,192
KHAMMAM,CHINTHAKANI,SEETHAMPETA,353,230.0,1.0,583.0,1564.0,14.705882352941178,22.570332480818415,109
KHAMMAM,CHINTHAKANI,THIMMINENIPALEM,563,374.0,1.0,937.0,937.0,39.91462113127001,60.08537886872999,272
KHAMMAM,CHINTHAKANI,VANDANAM,325,213.0,1.0,538.0,538.0,39.5910780669145,60.4089219330855,421
KHAMMAM,DAMMAPETA,AKINEPALLI,729,561.0,2.0,1290.0,1290.0,43.48837209302325,56.51162790697675,160
KHAMMAM,DAMMAPETA,ANKAMPALEM,533,400.0,1.0,933.0,933.0,42.87245444801715,57.12754555198285,274
KHAMMAM,DAMMAPETA,DAMMAPETA,1584,1110.0,2.4959349593495936,2694.0,2694.0,41.202672605790646,58.797327394209354,18
KHAMMAM,DAMMAPETA,GANDHAGULAPALLI,428,317.0,1.0,745.0,745.0,42.5503355704698,57.4496644295302,334
KHAMMAM,DAMMAPETA,GANESHPADU,336,253.0,2.4959349593495936,589.0,589.0,42.95415959252971,57.045840407470294,395
KHAMMAM,DAMMAPETA,JAGGARAM,458,350.0,2.0,808.0,1431.0,24.45842068483578,32.005590496156536,131
KHAMMAM,DAMMAPETA,JAMADARBANJAR,332,252.0,2.0,584.0,584.0,43.15068493150685,56.849315068493155,399
KHAMMAM,DAMMAPETA,LINGALAPALLI,275,215.0,1.0,490.0,490.0,43.87755102040816,56.12244897959183,446
KHAMMAM,DAMMAPETA,MALKARAM,1011,746.0,2.4959349593495936,1757.0,1757.0,42.458736482640866,57.541263517359134,77
KHAMMAM,DAMMAPETA,MANDALAPALLI,771,573.0,3.0,1344.0,1344.0,42.63392857142857,57.36607142857143,143
KHAMMAM,DAMMAPETA,MODDULAGUDEM,499,358.0,2.4959349593495936,857.0,1301.0,27.51729438893159,38.35511145272867,157
KHAMMAM,DAMMAPETA,MONDIVARRE,499,366.0,1.0,865.0,865.0,42.3121387283237,57.6878612716763,299
KHAMMAM,DAMMAPETA,MUSTIBANDA,731,553.0,1.0,1284.0,1284.0,43.068535825545176,56.931464174454824,162
KHAMMAM,DAMMAPETA,NACHARAM,559,373.0,2.4959349593495936,932.0,2261.0,16.497125165855817,24.72357363998231,32
KHAMMAM,DAMMAPETA,NAGUPALLI,559,376.0,2.0,935.0,935.0,40.21390374331551,59.786096256684495,273
KHAMMAM,DAMMAPETA,PATWARIGUDEM,1020,758.0,1.0,1778.0,1778.0,42.63217097862767,57.36782902137233,74
KHAMMAM,DAMMAPETA,PEDDAGOLLAGUDEM,632,435.0,2.4959349593495936,1067.0,1067.0,40.76850984067479,59.231490159325205,219
KHAMMAM,DAMMAPETA,TOTTIPAMPU,345,226.0,2.0,571.0,571.0,39.57968476357268,60.42031523642733,406
KHAMMAM,DUMMUGUDEM,ANJUBAKA,400,296.0,1.0,696.0,696.0,42.5287356321839,57.47126436781609,356
KHAMMAM,DUMMUGUDEM,ARLAGUDEM,516,447.0,1.0,963.0,963.0,46.41744548286604,53.58255451713395,261
KHAMMAM,DUMMUGUDEM,CHINA NALLABELLI,477,352.0,1.0,829.0,829.0,42.46079613992762,57.53920386007238,310
KHAMMAM,DUMMUGUDEM,DUMMUGUDEM,959,671.0,2.0,1630.0,1630.0,41.16564417177914,58.834355828220865,98
KHAMMAM,DUMMUGUDEM,GANGOLU,270,214.0,2.4959349593495936,484.0,484.0,44.214876033057855,55.78512396694215,450
KHAMMAM,DUMMUGUDEM,GOWRARAM,380,297.0,2.4959349593495936,677.0,2794.0,10.62992125984252,13.600572655690765,17
KHAMMAM,DUMMUGUDEM,KASINAGARAM,317,201.0,2.4959349593495936,518.0,518.0,38.803088803088805,61.196911196911195,427
KHAMMAM,DUMMUGUDEM,KOTHAPALLI,701,583.0,2.4959349593495936,1284.0,1284.0,45.40498442367601,54.59501557632399,162
KHAMMAM,DUMMUGUDEM,LAXMINAGARAM,258,167.0,2.0,425.0,425.0,39.294117647058826,60.705882352941174,469
KHAMMAM,DUMMUGUDEM,MAHADEVAPURAM,481,318.0,2.4959349593495936,799.0,799.0,39.799749687108886,60.200250312891114,321
KHAMMAM,DUMMUGUDEM,MARAIGUDEM,982,799.0,2.4959349593495936,1781.0,1781.0,44.862436833239755,55.13756316676025,73
KHAMMAM,DUMMUGUDEM,NADIKUDI,598,440.0,2.4959349593495936,1038.0,1038.0,42.38921001926782,57.61078998073218,230
KHAMMAM,DUMMUGUDEM,NARSAPURAM,566,412.0,3.0,978.0,1906.0,21.615949632738722,29.69569779643232,61
KHAMMAM,DUMMUGUDEM,PAIDIGUDEM,607,471.0,2.0,1078.0,1078.0,43.69202226345084,56.30797773654916,216
KHAMMAM,DUMMUGUDEM,PARNASALA,742,500.0,2.4959349593495936,1242.0,1242.0,40.25764895330113,59.74235104669887,170
KHAMMAM,DUMMUGUDEM,PEDAKAMALAPURAM,701,553.0,2.4959349593495936,1254.0,1254.0,44.09888357256778,55.90111642743222,166
KHAMMAM,DUMMUGUDEM,PEDANALLABALLI,791,539.0,1.0,1330.0,1330.0,40.526315789473685,59.473684210526315,147
KHAMMAM,DUMMUGUDEM,PRAGALLAPALLI,399,281.0,2.4959349593495936,680.0,680.0,41.3235294117647,58.6764705882353,364
KHAMMAM,DUMMUGUDEM,RAMARAOPETA,581,406.0,5.0,987.0,987.0,41.13475177304964,58.86524822695035,249
KHAMMAM,DUMMUGUDEM,SINGAVARAM,394,316.0,2.4959349593495936,710.0,710.0,44.50704225352113,55.49295774647888,350
KHAMMAM,DUMMUGUDEM,TURUBAKA,562,461.0,2.0,1023.0,1023.0,45.06353861192571,54.936461388074285,235
KHAMMAM,ENKURU,ARIKAYALAPADU,203,134.0,1.0,337.0,337.0,39.762611275964396,60.23738872403561,495
KHAMMAM,ENKURU,BHAGAVAN NAYAK THANDA,301,192.0,2.0,493.0,493.0,38.94523326572008,61.05476673427992,444
KHAMMAM,ENKURU,BURDA RAGHAVAPURAM,703,448.0,4.0,1151.0,1151.0,38.92267593397046,61.07732406602954,188
KHAMMAM,ENKURU,ENKURU,1049,635.0,5.0,1684.0,1684.0,37.70783847980997,62.29216152019003,87
KHAMMAM,ENKURU,JANNARAM,739,510.0,1.0,1249.0,1249.0,40.832666132906326,59.167333867093674,167
KHAMMAM,ENKURU,KESUPALLI,337,228.0,2.4959349593495936,565.0,565.0,40.35398230088496,59.64601769911504,409
KHAMMAM,ENKURU,NACHARAM,806,523.0,1.0,1329.0,2261.0,23.131357806280405,35.64794338788147,32
KHAMMAM,ENKURU,NUKULAMPADU,275,180.0,1.0,455.0,455.0,39.56043956043956,60.43956043956044,458
KHAMMAM,ENKURU,RAIMADARAM,479,290.0,1.0,769.0,769.0,37.711313394018205,62.288686605981795,331
KHAMMAM,ENKURU,RAJA LINGALA,579,412.0,1.0,991.0,991.0,41.57416750756811,58.42583249243189,247
KHAMMAM,ENKURU,REPALLEVADA,707,480.0,2.4959349593495936,1187.0,1187.0,40.438079191238415,59.561920808761585,178
KHAMMAM,ENKURU,SRIRAMGIRI,308,196.0,3.0,504.0,506.0,38.73517786561265,60.86956521739131,435
KHAMMAM,ENKURU,TIMMARAOPETA,632,418.0,3.0,1050.0,1050.0,39.80952380952381,60.1904761904762,224
KHAMMAM,ENKURU,TUTAKALINGANNA PETA,687,421.0,2.0,1108.0,1108.0,37.99638989169675,62.003610108303256,205
KHAMMAM,GARLA,BUDDHARAM,387,203.0,3.0,590.0,1154.0,17.590987868284227,33.53552859618718,187
KHAMMAM,GARLA,GARLA,1421,733.0,4.0,2154.0,2154.0,34.029712163416896,65.9702878365831,41
KHAMMAM,GARLA,GOPALAPURAM,532,363.0,2.0,895.0,895.0,40.5586592178771,59.44134078212291,291
KHAMMAM,GARLA,MARRIGUDEM,628,376.0,1.0,1004.0,2572.0,14.618973561430792,24.416796267496114,20
KHAMMAM,GARLA,MULKANOOR,1831,1252.0,7.0,3083.0,3083.0,40.60979565358417,59.39020434641583,11
KHAMMAM,GARLA,POCHARAM,746,532.0,6.0,1278.0,2282.0,23.31288343558282,32.690622261174404,31
KHAMMAM,GARLA,PULLURU,1091,697.0,4.0,1788.0,1788.0,38.982102908277405,61.017897091722595,72
KHAMMAM,GARLA,RAMPURAM,565,373.0,2.0,938.0,938.0,39.76545842217484,60.23454157782516,271
KHAMMAM,GARLA,SEETHAMPETA,603,378.0,5.0,981.0,1564.0,24.168797953964194,38.55498721227622,109
KHAMMAM,GARLA,SERIPURAM,571,407.0,2.4959349593495936,978.0,978.0,41.61554192229039,58.38445807770961,252
KHAMMAM,GUNDALA,ALLAPALLI,985,737.0,1.0,1722.0,1722.0,42.79907084785133,57.20092915214866,81
KHAMMAM,GUNDALA,ANANTHOGU,919,632.0,1.0,1551.0,1551.0,40.74790457769181,59.252095422308194,112
KHAMMAM,GUNDALA,GUNDALA,1994,350.0,3.0,2344.0,2344.0,14.93174061433447,85.06825938566553,27
KHAMMAM,GUNDALA,MARKODU,1138,796.0,2.0,1934.0,1934.0,41.15822130299897,58.84177869700103,59
KHAMMAM,GUNDALA,SAYANNAPALLI,642,488.0,3.0,1130.0,1130.0,43.1858407079646,56.81415929203539,198
KHAMMAM,GUNDALA,SETTIPALLI,526,394.0,1.0,920.0,920.0,42.82608695652174,57.173913043478265,279
KHAMMAM,JULURPAD,ANANTHARAM,375,257.0,1.0,632.0,1758.0,14.618885096700796,21.331058020477816,76
KHAMMAM,JULURPAD,BETHALAPADU,944,731.0,2.0,1675.0,1675.0,43.64179104477612,56.35820895522387,90
KHAMMAM,JULURPAD,GUNDEPUDI,1179,794.0,1.0,1973.0,1973.0,40.2432843385707,59.7567156614293,55
KHAMMAM,JULURPAD,JULURPAD,548,382.0,3.0,930.0,930.0,41.075268817204304,58.924731182795696,275
KHAMMAM,JULURPAD,KAKARLA,653,488.0,1.0,1141.0,1141.0,42.76950043821209,57.23049956178791,194
KHAMMAM,JULURPAD,KARIVARIGUDEM,312,202.0,2.0,514.0,514.0,39.29961089494164,60.70038910505836,430
KHAMMAM,JULURPAD,KOMMUGUDEM,365,216.0,1.0,581.0,581.0,37.177280550774526,62.822719449225474,400
KHAMMAM,JULURPAD,MACHINENIPETA,405,287.0,2.4959349593495936,692.0,692.0,41.47398843930636,58.52601156069365,359
KHAMMAM,JULURPAD,MACHINENIPETA  THANDA,417,276.0,1.0,693.0,693.0,39.82683982683983,60.17316017316018,358
KHAMMAM,JULURPAD,PADAMATA NARSAPURAM,561,359.0,2.0,920.0,920.0,39.02173913043478,60.97826086956522,279
KHAMMAM,JULURPAD,PAPAKOLLU,1463,1012.0,4.0,2475.0,2475.0,40.88888888888889,59.111111111111114,24
KHAMMAM,JULURPAD,VINOBHA NAGAR,207,132.0,2.4959349593495936,339.0,339.0,38.93805309734513,61.06194690265486,494
KHAMMAM,KALLUR,BATHULAPALLY,381,254.0,2.4959349593495936,635.0,635.0,40.0,60.0,376
KHAMMAM,KALLUR,CHANDRUPATLA,756,539.0,2.4959349593495936,1295.0,1295.0,41.62162162162162,58.37837837837838,159
KHAMMAM,KALLUR,CHENNURU,1222,906.0,1.0,2128.0,2128.0,42.57518796992481,57.42481203007519,42
KHAMMAM,KALLUR,CHINNA KORUKONDI,1078,723.0,5.0,1801.0,1801.0,40.144364242087725,59.855635757912275,71
KHAMMAM,KALLUR,GOKAVARAM,258,182.0,2.0,440.0,440.0,41.36363636363637,58.63636363636363,463
KHAMMAM,KALLUR,KALLURU,515,350.0,2.4959349593495936,865.0,865.0,40.46242774566474,59.53757225433526,299
KHAMMAM,KALLUR,KORLAGUDEM,215,178.0,2.4959349593495936,393.0,393.0,45.29262086513995,54.70737913486005,482
KHAMMAM,KALLUR,LAKSHMIPURAM,272,189.0,3.0,461.0,2004.0,9.431137724550897,13.572854291417165,51
KHAMMAM,KALLUR,LINGALA,292,217.0,1.0,509.0,808.0,26.856435643564357,36.13861386138614,317
KHAMMAM,KALLUR,MUCHARAM,561,387.0,2.0,948.0,948.0,40.822784810126585,59.17721518987342,265
KHAMMAM,KALLUR,MUGGUVENKATAPURAM,291,187.0,1.0,478.0,478.0,39.12133891213389,60.87866108786611,452
KHAMMAM,KALLUR,NARAYANAPURAM,285,160.0,2.4959349593495936,445.0,1428.0,11.204481792717088,19.95798319327731,133
KHAMMAM,KALLUR,PAYAPUR,143,103.0,1.0,246.0,246.0,41.86991869918699,58.13008130081301,509
KHAMMAM,KALLUR,PEDDAKORUKONDI,549,388.0,1.0,937.0,937.0,41.40875133404482,58.59124866595518,272
KHAMMAM,KALLUR,PERUVANCHA,568,382.0,4.0,950.0,950.0,40.21052631578947,59.78947368421053,264
KHAMMAM,KALLUR,POCHARAM,116,78.0,2.4959349593495936,194.0,2282.0,3.4180543382997373,5.083260297984225,31
KHAMMAM,KALLUR,RAGHUNADHAGUDEM,339,275.0,2.4959349593495936,614.0,614.0,44.78827361563518,55.21172638436482,385
KHAMMAM,KALLUR,TALLURU,474,309.0,2.0,783.0,783.0,39.46360153256705,60.53639846743295,325
KHAMMAM,KALLUR,TELAGARAM,444,303.0,2.4959349593495936,747.0,995.0,30.452261306532662,44.62311557788945,244
KHAMMAM,KALLUR,V.N.THANDA,199,149.0,2.4959349593495936,348.0,348.0,42.81609195402299,57.18390804597702,492
KHAMMAM,KALLUR,VENNAVALLI,333,258.0,1.0,591.0,591.0,43.65482233502538,56.34517766497462,393
KHAMMAM,KALLUR,YAGNA NARAYANAPURAM,218,179.0,2.4959349593495936,397.0,397.0,45.08816120906801,54.91183879093199,481
KHAMMAM,KALLUR,YERRABOINAPALLI,587,402.0,3.0,989.0,989.0,40.647118301314464,59.35288169868554,248
KHAMMAM,KAMEPALLE,BASITH NAGAR,609,388.0,1.0,997.0,997.0,38.91675025075226,61.08324974924775,242
KHAMMAM,KAMEPALLE,GARIDEPALLI,300,219.0,1.0,519.0,519.0,42.19653179190752,57.80346820809249,426
KHAMMAM,KAMEPALLE,GOVINDRALA,1156,847.0,2.4959349593495936,2003.0,2003.0,42.28657014478283,57.71342985521717,52
KHAMMAM,KAMEPALLE,JASTHIPALLI,602,413.0,3.0,1015.0,1015.0,40.689655172413794,59.310344827586206,238
KHAMMAM,KAMEPALLE,KAMEPALLI,1018,648.0,1.0,1666.0,1666.0,38.895558223289314,61.104441776710686,91
KHAMMAM,KAMEPALLE,KEPTAN BANJAR,310,211.0,1.0,521.0,521.0,40.49904030710173,59.50095969289827,425
KHAMMAM,KAMEPALLE,KOMMINEPALLI,1258,843.0,7.0,2101.0,2101.0,40.123750594954785,59.876249405045215,45
KHAMMAM,KAMEPALLE,KOTHA LINGALA,242,143.0,2.4959349593495936,385.0,385.0,37.142857142857146,62.857142857142854,486
KHAMMAM,KAMEPALLE,LINGALA,193,106.0,2.4959349593495936,299.0,808.0,13.118811881188119,23.886138613861384,317
KHAMMAM,KAMEPALLE,MADDULAPALLI,865,607.0,2.0,1472.0,1934.0,31.385729058945188,44.725956566701136,59
KHAMMAM,KAMEPALLE,MUCHERLA,621,398.0,1.0,1019.0,1019.0,39.05789990186457,60.942100098135434,237
KHAMMAM,KAMEPALLE,NEMILIPURI,316,241.0,2.4959349593495936,557.0,557.0,43.26750448833034,56.732495511669654,413
KHAMMAM,KAMEPALLE,PINJARAMADUGU,426,289.0,2.0,715.0,715.0,40.41958041958042,59.58041958041959,347
KHAMMAM,KAMEPALLE,PONNEKAL,1025,731.0,2.0,1756.0,2482.0,29.45205479452055,41.29734085414988,22
KHAMMAM,KAMEPALLE,SATHANIGUDEM,320,215.0,1.0,535.0,535.0,40.18691588785047,59.813084112149525,422
KHAMMAM,KAMEPALLE,THALLAGUDEM,342,227.0,5.0,569.0,569.0,39.894551845342704,60.105448154657296,407
KHAMMAM,KAMEPALLE,VOOTUKUR,567,379.0,2.0,946.0,946.0,40.063424947145876,59.936575052854124,266
KHAMMAM,KHAMMAM (RURAL),AREKODU,456,279.0,2.0,735.0,735.0,37.95918367346939,62.04081632653061,339
KHAMMAM,KHAMMAM (RURAL),AREMPALA,550,333.0,2.0,883.0,883.0,37.712344280860705,62.2876557191393,295
KHAMMAM,KHAMMAM (RURAL),CHINTAPALLI,343,234.0,2.4959349593495936,577.0,577.0,40.55459272097054,59.44540727902946,404
KHAMMAM,KHAMMAM (RURAL),DAREDU,613,382.0,1.0,995.0,995.0,38.391959798994975,61.60804020100502,244
KHAMMAM,KHAMMAM (RURAL),EDULAPURAM,1175,710.0,6.0,1885.0,1885.0,37.6657824933687,62.3342175066313,64
KHAMMAM,KHAMMAM (RURAL),GOLLAPADU,567,361.0,2.4959349593495936,928.0,928.0,38.900862068965516,61.099137931034484,276
KHAMMAM,KHAMMAM (RURAL),GUDIMALLA,905,615.0,4.0,1520.0,1520.0,40.46052631578947,59.539473684210535,114
KHAMMAM,KHAMMAM (RURAL),GUDURUPADU,340,232.0,2.4959349593495936,572.0,572.0,40.55944055944056,59.44055944055944,405
KHAMMAM,KHAMMAM (RURAL),GURRALAPADU,248,158.0,1.0,406.0,406.0,38.91625615763547,61.083743842364534,478
KHAMMAM,KHAMMAM (RURAL),KACHIRAJUGUDEM,433,273.0,2.0,706.0,706.0,38.668555240793204,61.331444759206796,352
KHAMMAM,KHAMMAM (RURAL),KAIKONDAIGUDEM,257,161.0,2.4959349593495936,418.0,418.0,38.516746411483254,61.48325358851675,472
KHAMMAM,KHAMMAM (RURAL),KAMANCHIKAL,482,345.0,2.4959349593495936,827.0,827.0,41.71704957678355,58.28295042321644,311
KHAMMAM,KHAMMAM (RURAL),KONDAPURAM,441,301.0,2.4959349593495936,742.0,742.0,40.56603773584906,59.43396226415094,335
KHAMMAM,KHAMMAM (RURAL),M.VENKATAYAPALEM,1333,826.0,3.0,2159.0,2159.0,38.25845298749421,61.74154701250579,39
KHAMMAM,KHAMMAM (RURAL),MADDULAPALLI,313,149.0,1.0,462.0,1934.0,7.704239917269907,16.184074457083764,59
KHAMMAM,KHAMMAM (RURAL),MALLEMADUGU,425,271.0,2.0,696.0,696.0,38.93678160919541,61.06321839080459,356
KHAMMAM,KHAMMAM (RURAL),MANGALAGUDEM,638,450.0,2.0,1088.0,1088.0,41.36029411764706,58.63970588235294,211
KHAMMAM,KHAMMAM (RURAL),MUTHAGUDEM,887,593.0,5.0,1480.0,1480.0,40.06756756756757,59.932432432432435,122
KHAMMAM,KHAMMAM (RURAL),PEDDA THANDA,1339,615.0,6.0,1954.0,1954.0,31.47389969293756,68.52610030706244,56
KHAMMAM,KHAMMAM (RURAL),POLEPALLI,672,387.0,3.0,1059.0,1059.0,36.54390934844193,63.45609065155807,221
KHAMMAM,KHAMMAM (RURAL),PONNEKAL,437,289.0,2.0,726.0,2482.0,11.643835616438356,17.60676873489122,22
KHAMMAM,KHAMMAM (RURAL),SEETHARAMPURAM (KASNA T,310,218.0,2.4959349593495936,528.0,528.0,41.28787878787879,58.71212121212122,423
KHAMMAM,KHAMMAM (RURAL),TALLAMPADU,765,455.0,2.0,1220.0,1220.0,37.295081967213115,62.704918032786885,174
KHAMMAM,KHAMMAM (RURAL),TANAGAMPADU,285,219.0,2.4959349593495936,504.0,504.0,43.452380952380956,56.547619047619044,436
KHAMMAM,KHAMMAM (RURAL),TELDARUPALLI,969,642.0,1.0,1611.0,1611.0,39.85102420856611,60.14897579143389,103
KHAMMAM,KHAMMAM (RURAL),THIRTHALA,757,530.0,1.0,1287.0,1287.0,41.18104118104118,58.81895881895882,161
KHAMMAM,KHAMMAM (RURAL),VENKATAGIRI,802,573.0,3.0,1375.0,1375.0,41.67272727272727,58.32727272727273,137
KHAMMAM,KHAMMAM (URBAN),ALLIPURAM,40,28.0,2.4959349593495936,68.0,68.0,41.17647058823529,58.82352941176471,520
KHAMMAM,KHAMMAM (URBAN),BALLEPALLI,72,37.0,2.4959349593495936,109.0,109.0,33.94495412844037,66.05504587155964,518
KHAMMAM,KHAMMAM (URBAN),BUDIDEMPADU,516,310.0,2.4959349593495936,826.0,826.0,37.530266343825666,62.469733656174334,312
KHAMMAM,KHAMMAM (URBAN),CHIMMAPUDI,562,424.0,2.4959349593495936,986.0,986.0,43.00202839756592,56.99797160243407,250
KHAMMAM,KHAMMAM (URBAN),DHAMSALAPURAM,20,5.0,2.4959349593495936,25.0,25.0,20.0,80.0,524
KHAMMAM,KHAMMAM (URBAN),EERLAPUDI,851,622.0,1.0,1473.0,1473.0,42.22674813306178,57.773251866938224,124
KHAMMAM,KHAMMAM (URBAN),GANESWARAM,329,222.0,2.0,551.0,551.0,40.29038112522686,59.70961887477314,416
KHAMMAM,KHAMMAM (URBAN),GOLLAGUDEM,58,22.0,2.4959349593495936,80.0,1543.0,1.425793907971484,3.7589112119248216,113
KHAMMAM,KHAMMAM (URBAN),KHANAPURAM (HAVELI),47,27.0,2.4959349593495936,74.0,74.0,36.486486486486484,63.51351351351351,519
KHAMMAM,KHAMMAM (URBAN),KOTAPADU,386,264.0,2.4959349593495936,650.0,650.0,40.61538461538461,59.38461538461538,372
KHAMMAM,KHAMMAM (URBAN),KOTHAGUDEM,18,9.0,2.4959349593495936,27.0,1491.0,0.6036217303822937,1.2072434607645874,120
KHAMMAM,KHAMMAM (URBAN),KOYACHALKA,300,195.0,2.4959349593495936,495.0,495.0,39.39393939393939,60.60606060606061,442
KHAMMAM,KHAMMAM (URBAN),M.PALLE CHINTHAGURTHI,488,313.0,2.4959349593495936,801.0,801.0,39.076154806491886,60.92384519350812,320
KHAMMAM,KHAMMAM (URBAN),MALLEPALLI,742,427.0,5.0,1169.0,1606.0,26.58779576587796,46.20174346201743,105
KHAMMAM,KHAMMAM (URBAN),MANCHUGONDA,564,350.0,3.0,914.0,914.0,38.29321663019694,61.70678336980306,282
KHAMMAM,KHAMMAM (URBAN),PANGIDI,967,649.0,2.0,1616.0,1616.0,40.160891089108915,59.83910891089109,102
KHAMMAM,KHAMMAM (URBAN),PAPADAPALLE,660,379.0,2.4959349593495936,1039.0,1039.0,36.47738209817132,63.52261790182868,229
KHAMMAM,KHAMMAM (URBAN),RAGHUNADHA PALEM,1220,717.0,3.0,1937.0,1937.0,37.01600413009809,62.98399586990191,58
KHAMMAM,KHAMMAM (URBAN),RAMKYA THANDA,1224,817.0,5.0,2041.0,2041.0,40.029397354238114,59.970602645761886,50
KHAMMAM,KHAMMAM (URBAN),REGULA CHALKA,208,129.0,2.4959349593495936,337.0,337.0,38.27893175074184,61.72106824925816,495
KHAMMAM,KHAMMAM (URBAN),SIVAIGUDEM,165,91.0,1.0,256.0,256.0,35.546875,64.453125,507
KHAMMAM,KHAMMAM (URBAN),V.VENKATAYAPALEM,798,449.0,4.0,1247.0,1247.0,36.00641539695268,63.99358460304732,168
KHAMMAM,KHAMMAM (URBAN),VELUGUMATLA,31,24.0,2.4959349593495936,55.0,55.0,43.63636363636363,56.36363636363636,522
KHAMMAM,KHAMMAM (URBAN),VEPAKUNTLA,494,286.0,2.4959349593495936,780.0,780.0,36.666666666666664,63.33333333333333,327
KHAMMAM,KONIJERLA,AMMAPALEM,628,396.0,1.0,1024.0,1701.0,23.28042328042328,36.919459141681365,84
KHAMMAM,KONIJERLA,CHINA GOPATHI,422,260.0,2.4959349593495936,682.0,682.0,38.12316715542522,61.87683284457478,363
KHAMMAM,KONIJERLA,CHINA MUNAGALA,451,270.0,2.0,721.0,721.0,37.447988904299585,62.55201109570042,344
KHAMMAM,KONIJERLA,DUDDEPUDI,324,242.0,1.0,566.0,566.0,42.75618374558304,57.243816254416956,408
KHAMMAM,KONIJERLA,GOPARAM,266,159.0,1.0,425.0,425.0,37.411764705882355,62.588235294117645,469
KHAMMAM,KONIJERLA,GUBBAGURTHY,997,756.0,1.0,1753.0,1753.0,43.12606959498003,56.87393040501997,78
KHAMMAM,KONIJERLA,GUNDRATHI MADUGU,695,432.0,1.0,1127.0,1127.0,38.33185448092281,61.6681455190772,200
KHAMMAM,KONIJERLA,KONDAVANAMALA,594,380.0,2.0,974.0,974.0,39.01437371663244,60.98562628336756,255
KHAMMAM,KONIJERLA,KONIJERLA,1334,879.0,3.0,2213.0,2213.0,39.71983732489833,60.280162675101664,34
KHAMMAM,KONIJERLA,LALAPURAM,407,282.0,3.0,689.0,689.0,40.9288824383164,59.07111756168359,360
KHAMMAM,KONIJERLA,LINGA GUDEM,499,344.0,3.0,843.0,843.0,40.80664294187426,59.19335705812574,304
KHAMMAM,KONIJERLA,MALLUPALLI,356,237.0,1.0,593.0,593.0,39.96627318718381,60.03372681281619,391
KHAMMAM,KONIJERLA,PALLIPADU,864,566.0,2.0,1430.0,1430.0,39.58041958041958,60.41958041958042,132
KHAMMAM,KONIJERLA,PEDA GOPATHI,827,521.0,3.0,1348.0,1348.0,38.64985163204748,61.350148367952514,140
KHAMMAM,KONIJERLA,PEDA MUNAGALA,489,315.0,1.0,804.0,804.0,39.17910447761194,60.820895522388064,319
KHAMMAM,KONIJERLA,RAMANARSAIAH NAGAR,399,281.0,2.4959349593495936,680.0,680.0,41.3235294117647,58.6764705882353,364
KHAMMAM,KONIJERLA,SALEBANJAR,649,453.0,2.0,1102.0,1102.0,41.1070780399274,58.8929219600726,207
KHAMMAM,KONIJERLA,SINGARAIPALEM,614,433.0,2.4959349593495936,1047.0,1047.0,41.35625596943648,58.64374403056352,225
KHAMMAM,KONIJERLA,TANIKELLA,1346,816.0,3.0,2162.0,2162.0,37.74283071230342,62.25716928769658,38
KHAMMAM,KONIJERLA,TEEGALABANJAR,269,155.0,1.0,424.0,424.0,36.556603773584904,63.443396226415096,470
KHAMMAM,KONIJERLA,THUMMALAPALLI,701,530.0,5.0,1231.0,1231.0,43.05442729488221,56.94557270511778,173
KHAMMAM,KONIJERLA,UPPALACHALAKA,559,404.0,6.0,963.0,963.0,41.95223260643821,58.04776739356179,261
KHAMMAM,KOTHAGUDEM,3-Incline,500,249.0,5.0,749.0,749.0,33.244325767690256,66.75567423230974,333
KHAMMAM,KOTHAGUDEM,ANISETTIPALLI,269,144.0,2.4959349593495936,413.0,413.0,34.866828087167065,65.13317191283294,474
KHAMMAM,KOTHAGUDEM,BANGARU CHELKA,602,525.0,6.0,1127.0,1127.0,46.58385093167702,53.41614906832298,200
KHAMMAM,KOTHAGUDEM,CHATAKONDA (R),511,345.0,2.4959349593495936,856.0,856.0,40.30373831775701,59.69626168224299,302
KHAMMAM,KOTHAGUDEM,CHUNCHUPALLE,515,350.0,2.4959349593495936,865.0,865.0,40.46242774566474,59.53757225433526,299
KHAMMAM,KOTHAGUDEM,GAREEBPETA,550,354.0,2.0,904.0,904.0,39.15929203539823,60.84070796460177,286
KHAMMAM,KOTHAGUDEM,KARUKONDA,1426,883.0,3.0,2309.0,2309.0,38.2416630576007,61.7583369423993,30
KHAMMAM,KOTHAGUDEM,LAXMIDEVIPALLE,1851,1142.0,4.0,2993.0,2993.0,38.155696625459406,61.8443033745406,14
KHAMMAM,KOTHAGUDEM,MYLARAM,509,407.0,2.0,916.0,916.0,44.43231441048035,55.567685589519655,281
KHAMMAM,KOTHAGUDEM,NARSIMHANAGAR,299,201.0,3.0,500.0,500.0,40.2,59.8,440
KHAMMAM,KOTHAGUDEM,PENAGADAPA,836,679.0,5.0,1515.0,1515.0,44.81848184818482,55.181518151815176,116
KHAMMAM,KOTHAGUDEM,PENUBALLI,562,408.0,1.0,970.0,2918.0,13.982179575051404,19.259766963673748,15
KHAMMAM,KOTHAGUDEM,RAGHAVAPURAM,356,264.0,2.0,620.0,620.0,42.58064516129032,57.41935483870968,382
KHAMMAM,KOTHAGUDEM,REGALLA,1449,1059.0,7.0,2508.0,3054.0,34.67583497053045,47.445972495088405,12
KHAMMAM,KOTHAGUDEM,RUDRAMPUR,1281,704.0,1.0,1985.0,1985.0,35.46599496221663,64.53400503778337,54
KHAMMAM,KOTHAGUDEM,SARVARAM,1002,698.0,5.0,1700.0,1700.0,41.05882352941176,58.94117647058823,85
KHAMMAM,KOTHAGUDEM,SEETAMPETA,568,374.0,2.0,942.0,942.0,39.70276008492569,60.29723991507431,269
KHAMMAM,KOTHAGUDEM,SEETHARAMPURAM,1049,773.0,3.0,1822.0,3176.0,24.338790931989923,33.02896725440806,8
KHAMMAM,KOTHAGUDEM,SINGABHUPALEM,1281,889.0,6.0,2170.0,2170.0,40.96774193548387,59.03225806451613,37
KHAMMAM,KOTHAGUDEM,SUJATHANAGAR,1900,1246.0,3.0,3146.0,3146.0,39.60584869675779,60.39415130324222,9
KHAMMAM,KOTHAGUDEM,VENKATESH KHANI,36,28.0,2.4959349593495936,64.0,64.0,43.75,56.25,521
KHAMMAM,KUSUMANCHI,BHAGAYATH VEEDU,109,94.0,1.0,203.0,203.0,46.30541871921182,53.69458128078818,514
KHAMMAM,KUSUMANCHI,CHEGOMMA,533,369.0,2.0,902.0,902.0,40.909090909090914,59.09090909090909,287
KHAMMAM,KUSUMANCHI,CHOWTAPALLI,532,401.0,1.0,933.0,933.0,42.97963558413719,57.020364415862815,274
KHAMMAM,KUSUMANCHI,ESWARAMADARAM,429,243.0,2.0,672.0,672.0,36.160714285714285,63.83928571428571,366
KHAMMAM,KUSUMANCHI,GAIGOLLAPALLI,848,640.0,4.0,1488.0,1488.0,43.01075268817204,56.98924731182796,121
KHAMMAM,KUSUMANCHI,GANGABANDA THANDA,171,133.0,2.4959349593495936,304.0,304.0,43.75,56.25,504
KHAMMAM,KUSUMANCHI,GATTU SINGARAM,699,470.0,1.0,1169.0,1169.0,40.205303678357566,59.79469632164243,181
KHAMMAM,KUSUMANCHI,GORILAPAD THANDA,422,306.0,1.0,728.0,728.0,42.032967032967036,57.96703296703297,343
KHAMMAM,KUSUMANCHI,GURVAIGUDEM,178,135.0,1.0,313.0,313.0,43.13099041533546,56.86900958466453,500
KHAMMAM,KUSUMANCHI,JAKKEPALLI,356,203.0,2.0,559.0,559.0,36.314847942754916,63.68515205724508,412
KHAMMAM,KUSUMANCHI,JEELACHERUVU,784,483.0,3.0,1267.0,1267.0,38.12154696132597,61.87845303867403,164
KHAMMAM,KUSUMANCHI,JUJJULARAOPETA,465,310.0,1.0,775.0,775.0,40.0,60.0,329
KHAMMAM,KUSUMANCHI,KISTAPURAM,275,163.0,1.0,438.0,1065.0,15.305164319248826,25.821596244131456,220
KHAMMAM,KUSUMANCHI,KOKYA THANDA,333,226.0,2.0,559.0,559.0,40.429338103756706,59.570661896243294,412
KHAMMAM,KUSUMANCHI,KOTHURU,340,223.0,2.0,563.0,563.0,39.60923623445826,60.39076376554174,410
KHAMMAM,KUSUMANCHI,KUSUMANCHI,991,563.0,5.0,1554.0,1554.0,36.22908622908623,63.77091377091377,111
KHAMMAM,KUSUMANCHI,LOKYA THANDA,493,326.0,2.0,819.0,819.0,39.804639804639805,60.195360195360195,315
KHAMMAM,KUSUMANCHI,MALLAIGUDEM,208,128.0,1.0,336.0,336.0,38.095238095238095,61.904761904761905,496
KHAMMAM,KUSUMANCHI,MALLEPALLI,269,168.0,2.4959349593495936,437.0,1606.0,10.460772104607722,16.749688667496887,105
KHAMMAM,KUSUMANCHI,MUNIGEPALLI,188,139.0,2.0,327.0,327.0,42.50764525993883,57.49235474006116,497
KHAMMAM,KUSUMANCHI,MUTYALAGUDEM,319,191.0,4.0,510.0,510.0,37.450980392156865,62.549019607843135,432
KHAMMAM,KUSUMANCHI,NAIKANGUDEM,493,339.0,1.0,832.0,832.0,40.74519230769231,59.254807692307686,309
KHAMMAM,KUSUMANCHI,NARASIMHULAGUDEM,472,308.0,2.0,780.0,780.0,39.48717948717949,60.51282051282051,327
KHAMMAM,KUSUMANCHI,NELAPATLA,475,264.0,1.0,739.0,739.0,35.72395128552097,64.27604871447903,337
KHAMMAM,KUSUMANCHI,PALAIR,642,335.0,2.0,977.0,977.0,34.28863868986694,65.71136131013307,253
KHAMMAM,KUSUMANCHI,PERIKASINGARAM,348,196.0,4.0,544.0,544.0,36.029411764705884,63.970588235294116,419
KHAMMAM,KUSUMANCHI,POCHARAM,493,317.0,3.0,810.0,2282.0,13.891323400525854,21.603856266432953,31
KHAMMAM,KUSUMANCHI,RAJUPETA,358,228.0,1.0,586.0,586.0,38.907849829351534,61.092150170648466,397
KHAMMAM,KUSUMANCHI,TURAKAGUDEM,195,127.0,2.4959349593495936,322.0,322.0,39.44099378881988,60.55900621118012,498
KHAMMAM,MADHIRA,ALLINAGARAM,197,107.0,1.0,304.0,304.0,35.19736842105263,64.80263157894737,504
KHAMMAM,MADHIRA,AMBARUPETA,25,18.0,2.4959349593495936,43.0,43.0,41.86046511627907,58.139534883720934,523
KHAMMAM,MADHIRA,ATUKURU,457,276.0,1.0,733.0,733.0,37.653478854024556,62.346521145975444,341
KHAMMAM,MADHIRA,CHILUKURU,322,189.0,2.4959349593495936,511.0,511.0,36.986301369863014,63.013698630136986,431
KHAMMAM,MADHIRA,DENDUKUR,962,663.0,2.0,1625.0,1625.0,40.8,59.199999999999996,100
KHAMMAM,MADHIRA,DESINENIPALEM,281,152.0,2.0,433.0,433.0,35.10392609699769,64.8960739030023,466
KHAMMAM,MADHIRA,DIDUGUPADU,310,175.0,3.0,485.0,485.0,36.08247422680412,63.91752577319587,449
KHAMMAM,MADHIRA,ILLENDULAPADU,7,5.0,2.4959349593495936,12.0,12.0,41.66666666666667,58.333333333333336,525
KHAMMAM,MADHIRA,ILLURU,309,194.0,3.0,503.0,503.0,38.56858846918489,61.431411530815105,437
KHAMMAM,MADHIRA,JALIMUDI,233,174.0,3.0,407.0,407.0,42.75184275184275,57.24815724815725,477
KHAMMAM,MADHIRA,KHAJIPURAM,91,28.0,2.4959349593495936,119.0,119.0,23.52941176470588,76.47058823529412,517
KHAMMAM,MADHIRA,KHAMMAMPADU,517,322.0,1.0,839.0,839.0,38.37902264600715,61.62097735399284,306
KHAMMAM,MADHIRA,MADHIRA,543,347.0,3.0,890.0,890.0,38.98876404494382,61.01123595505618,294
KHAMMAM,MADHIRA,MADUPALLI,77,49.0,2.4959349593495936,126.0,126.0,38.88888888888889,61.111111111111114,516
KHAMMAM,MADHIRA,MAHADEVPURAM,492,318.0,2.0,810.0,810.0,39.25925925925926,60.74074074074074,316
KHAMMAM,MADHIRA,MALLARAM,457,337.0,2.4959349593495936,794.0,3295.0,10.227617602427921,13.869499241274658,5
KHAMMAM,MADHIRA,MATOOR,525,347.0,2.0,872.0,872.0,39.793577981651374,60.206422018348626,298
KHAMMAM,MADHIRA,MATOORPETA,400,258.0,1.0,658.0,658.0,39.209726443769,60.790273556231,370
KHAMMAM,MADHIRA,MUNAGALA,247,165.0,2.4959349593495936,412.0,412.0,40.04854368932039,59.95145631067961,475
KHAMMAM,MADHIRA,NAGAVARAPPADU,301,206.0,2.4959349593495936,507.0,507.0,40.63116370808679,59.36883629191322,434
KHAMMAM,MADHIRA,NAKKALAGARUVU,138,114.0,1.0,252.0,252.0,45.23809523809524,54.761904761904766,508
KHAMMAM,MADHIRA,NIDANAPURAM,461,309.0,1.0,770.0,770.0,40.129870129870135,59.87012987012987,330
KHAMMAM,MADHIRA,RAYAPATNAM,506,354.0,1.0,860.0,860.0,41.16279069767442,58.837209302325576,300
KHAMMAM,MADHIRA,SIDDINENIGUDEM,369,251.0,1.0,620.0,620.0,40.483870967741936,59.51612903225807,382
KHAMMAM,MADHIRA,SIRIPURAM,855,552.0,6.0,1407.0,1407.0,39.23240938166311,60.76759061833689,136
KHAMMAM,MADHIRA,TONDALA GOPAVARAM,181,104.0,1.0,285.0,285.0,36.49122807017544,63.50877192982456,505
KHAMMAM,MADHIRA,VANGAVEEDU,494,339.0,2.0,833.0,833.0,40.69627851140456,59.30372148859544,308
KHAMMAM,MANUGURU,PAGIDERU,679,449.0,2.0,1128.0,1128.0,39.804964539007095,60.195035460992905,199
KHAMMAM,MANUGURU,RAMANJARAM,1453,976.0,3.0,2429.0,2429.0,40.18114450391108,59.81885549608893,25
KHAMMAM,MANUGURU,SAMITHSINGARAM,515,350.0,2.4959349593495936,865.0,865.0,40.46242774566474,59.53757225433526,299
KHAMMAM,MUDIGONDA,AMMAPETA,311,198.0,3.0,509.0,509.0,38.89980353634578,61.10019646365422,433
KHAMMAM,MUDIGONDA,BANAPURAM,1009,671.0,1.0,1680.0,1680.0,39.94047619047619,60.05952380952381,89
KHAMMAM,MUDIGONDA,CHIRUMARRI,615,435.0,1.0,1050.0,1050.0,41.42857142857143,58.57142857142858,224
KHAMMAM,MUDIGONDA,EDAVALLI,657,493.0,1.0,1150.0,1150.0,42.869565217391305,57.130434782608695,189
KHAMMAM,MUDIGONDA,GANDASIRI,711,449.0,1.0,1160.0,1160.0,38.70689655172414,61.293103448275865,185
KHAMMAM,MUDIGONDA,GOKINAPALLI,832,455.0,2.4959349593495936,1287.0,1287.0,35.35353535353536,64.64646464646465,161
KHAMMAM,MUDIGONDA,KAMALAPURAM,773,536.0,4.0,1309.0,1887.0,28.404875463698993,40.96449390567037,63
KHAMMAM,MUDIGONDA,KATKUR,261,145.0,1.0,406.0,406.0,35.714285714285715,64.28571428571429,478
KHAMMAM,MUDIGONDA,LAKSHMIPURAM,341,238.0,2.4959349593495936,579.0,2004.0,11.87624750499002,17.015968063872254,51
KHAMMAM,MUDIGONDA,MADHAPURAM,616,408.0,3.0,1024.0,1024.0,39.84375,60.15625,234
KHAMMAM,MUDIGONDA,MALLANNAPALEM,262,179.0,2.4959349593495936,441.0,441.0,40.58956916099773,59.410430839002274,462
KHAMMAM,MUDIGONDA,MALLARAM,171,102.0,2.4959349593495936,273.0,3295.0,3.095599393019727,5.189681335356601,5
KHAMMAM,MUDIGONDA,MEDAPALLI,506,292.0,2.4959349593495936,798.0,798.0,36.59147869674185,63.40852130325815,322
KHAMMAM,MUDIGONDA,MUDIGONDA,1407,939.0,7.0,2346.0,2346.0,40.02557544757033,59.974424552429674,26
KHAMMAM,MUDIGONDA,MUTHARAM,837,595.0,3.0,1432.0,1432.0,41.55027932960894,58.44972067039106,130
KHAMMAM,MUDIGONDA,PAMMI,511,354.0,3.0,865.0,865.0,40.92485549132948,59.07514450867052,299
KHAMMAM,MUDIGONDA,PANDREGUPALLI,392,262.0,2.4959349593495936,654.0,654.0,40.0611620795107,59.9388379204893,371
KHAMMAM,MUDIGONDA,PEDAMANDAVA,808,508.0,2.0,1316.0,1316.0,38.60182370820669,61.39817629179332,152
KHAMMAM,MUDIGONDA,SUVARNAPURAM,302,184.0,2.4959349593495936,486.0,486.0,37.86008230452675,62.139917695473244,448
KHAMMAM,MUDIGONDA,VALLABHI,1320,779.0,2.4959349593495936,2099.0,2099.0,37.11291090995712,62.88708909004288,46
KHAMMAM,MUDIGONDA,VALLAPURAM,407,295.0,1.0,702.0,1138.0,25.92267135325132,35.764499121265374,195
KHAMMAM,MUDIGONDA,VENKATAPURAM,370,205.0,1.0,575.0,2912.0,7.039835164835165,12.706043956043956,16
KHAMMAM,MULKALAPALLE,CHAPARALAPALLI,771,588.0,1.0,1359.0,1359.0,43.26710816777042,56.73289183222958,138
KHAMMAM,MULKALAPALLE,JAGANNADHAPURAM,2051,350.0,5.0,2401.0,3798.0,9.215376513954714,54.002106371774616,1
KHAMMAM,MULKALAPALLE,MULAKALAPALLI,515,350.0,2.4959349593495936,865.0,865.0,40.46242774566474,59.53757225433526,299
KHAMMAM,MULKALAPALLE,POGALLAPALLI,674,502.0,1.0,1176.0,1176.0,42.68707482993197,57.31292517006803,180
KHAMMAM,MULKALAPALLE,PUSUGUDEM,1473,1065.0,3.0,2538.0,2538.0,41.96217494089834,58.03782505910166,21
KHAMMAM,MULKALAPALLE,THIMMAMPETA,688,630.0,2.0,1318.0,1318.0,47.79969650986343,52.20030349013657,151
KHAMMAM,NELAKONDAPALLE,AMMAGUDEM,194,123.0,2.4959349593495936,317.0,317.0,38.801261829652994,61.198738170347,499
KHAMMAM,NELAKONDAPALLE,ANASAGARAM,308,184.0,2.4959349593495936,492.0,492.0,37.39837398373984,62.601626016260155,445
KHAMMAM,NELAKONDAPALLE,APPALA NARSIMHAPURAM,510,300.0,1.0,810.0,810.0,37.03703703703704,62.96296296296296,316
KHAMMAM,NELAKONDAPALLE,AREGUDEM,225,147.0,1.0,372.0,372.0,39.516129032258064,60.483870967741936,487
KHAMMAM,NELAKONDAPALLE,BAIRAVUNIPALLI,635,386.0,2.4959349593495936,1021.0,1021.0,37.80607247796278,62.19392752203722,236
KHAMMAM,NELAKONDAPALLE,BODULABANDA,693,366.0,1.0,1059.0,1059.0,34.56090651558073,65.43909348441926,221
KHAMMAM,NELAKONDAPALLE,BUDDHARAM,362,202.0,2.4959349593495936,564.0,1154.0,17.504332755632582,31.369150779896017,187
KHAMMAM,NELAKONDAPALLE,CHENNARAM,440,294.0,1.0,734.0,734.0,40.05449591280654,59.945504087193456,340
KHAMMAM,NELAKONDAPALLE,CHERUVU MADHARAM,1188,708.0,3.0,1896.0,1896.0,37.34177215189873,62.65822784810127,62
KHAMMAM,NELAKONDAPALLE,GUVVALAGUDEM,487,303.0,2.4959349593495936,790.0,790.0,38.35443037974684,61.64556962025316,324
KHAMMAM,NELAKONDAPALLE,KATTU KACHARAM,345,221.0,1.0,566.0,566.0,39.04593639575972,60.95406360424028,408
KHAMMAM,NELAKONDAPALLE,KONAIGUDEM,430,239.0,2.0,669.0,669.0,35.72496263079223,64.27503736920778,368
KHAMMAM,NELAKONDAPALLE,KORATLAGUDEM,240,126.0,2.4959349593495936,366.0,366.0,34.42622950819672,65.57377049180327,488
KHAMMAM,NELAKONDAPALLE,KOTHAKOTHURU,301,187.0,1.0,488.0,488.0,38.31967213114754,61.68032786885246,447
KHAMMAM,NELAKONDAPALLE,MANDRAJUPALLI,368,231.0,1.0,599.0,599.0,38.56427378964942,61.43572621035058,389
KHAMMAM,NELAKONDAPALLE,MANGAPURAM THANDA,776,467.0,2.4959349593495936,1243.0,1243.0,37.570394207562344,62.42960579243765,169
KHAMMAM,NELAKONDAPALLE,MOTAPURAM,385,263.0,2.0,648.0,648.0,40.586419753086425,59.413580246913575,373
KHAMMAM,NELAKONDAPALLE,MUJJUGUDEM,333,220.0,1.0,553.0,553.0,39.78300180831826,60.21699819168174,415
KHAMMAM,NELAKONDAPALLE,NACHEPALLI,384,208.0,2.0,592.0,592.0,35.13513513513514,64.86486486486487,392
KHAMMAM,NELAKONDAPALLE,NELAKONDAPALLY,1428,756.0,2.0,2184.0,2184.0,34.61538461538461,65.38461538461539,36
KHAMMAM,NELAKONDAPALLE,PAINAMPALLI,659,349.0,1.0,1008.0,1633.0,21.37170851194121,40.355174525413354,97
KHAMMAM,NELAKONDAPALLE,RAJESWARAPURAM,605,313.0,7.0,918.0,918.0,34.0958605664488,65.9041394335512,280
KHAMMAM,NELAKONDAPALLE,RAMACHANDRAPURAM,215,120.0,2.4959349593495936,335.0,1319.0,9.097801364670206,16.300227445034114,150
KHAMMAM,NELAKONDAPALLE,RAVIGUDEM,610,399.0,1.0,1009.0,1009.0,39.54410307234886,60.45589692765114,241
KHAMMAM,NELAKONDAPALLE,SANKARAGIRI THANDA,344,247.0,2.4959349593495936,591.0,591.0,41.793570219966156,58.206429780033844,393
KHAMMAM,NELAKONDAPALLE,SURDEPALLI,245,161.0,2.4959349593495936,406.0,406.0,39.6551724137931,60.3448275862069,478
KHAMMAM,PALWANCHA,CHANDRALAGUDEM,318,260.0,2.4959349593495936,578.0,578.0,44.982698961937714,55.017301038062286,403
KHAMMAM,PALWANCHA,DANTHELABORA,592,524.0,2.0,1116.0,1116.0,46.95340501792115,53.04659498207885,203
KHAMMAM,PALWANCHA,JAGANNADHAPURAM,636,405.0,1.0,1041.0,3798.0,10.66350710900474,16.74565560821485,1
KHAMMAM,PALWANCHA,NAGARAM,662,445.0,3.0,1107.0,1107.0,40.19873532068654,59.80126467931346,206
KHAMMAM,PALWANCHA,PANDURANGAPURAM,1003,650.0,1.0,1653.0,1653.0,39.32244404113733,60.67755595886267,95
KHAMMAM,PALWANCHA,PAYAKARI YANAMBYLU,564,374.0,2.4959349593495936,938.0,938.0,39.872068230277186,60.12793176972282,271
KHAMMAM,PALWANCHA,SOMULAGUDEM,623,343.0,4.0,966.0,966.0,35.507246376811594,64.4927536231884,259
KHAMMAM,PALWANCHA,SURARAM,353,224.0,1.0,577.0,577.0,38.82149046793761,61.178509532062385,404
KHAMMAM,PALWANCHA,THOGUGUDEM,237,165.0,2.4959349593495936,402.0,402.0,41.04477611940299,58.95522388059702,480
KHAMMAM,PALWANCHA,VULVANOOR,725,600.0,2.0,1325.0,1325.0,45.28301886792453,54.71698113207547,148
KHAMMAM,PALWANCHA,YANAMBAILU,978,676.0,2.0,1654.0,1654.0,40.87061668681983,59.12938331318017,94
KHAMMAM,PENUBALLI,BAYYANNAGUDEM,347,207.0,1.0,554.0,554.0,37.36462093862816,62.63537906137184,414
KHAMMAM,PENUBALLI,BHAVANNAPALEM,180,131.0,2.4959349593495936,311.0,311.0,42.12218649517685,57.87781350482315,502
KHAMMAM,PENUBALLI,BRAHMALLA KUNTA,457,335.0,1.0,792.0,792.0,42.29797979797979,57.7020202020202,323
KHAMMAM,PENUBALLI,CHINTHAGUDEM,659,387.0,3.0,1046.0,1046.0,36.9980879541109,63.0019120458891,226
KHAMMAM,PENUBALLI,GANESHUNIPADU,257,177.0,2.0,434.0,434.0,40.78341013824885,59.21658986175116,465
KHAMMAM,PENUBALLI,GANGADEVIPADU,427,265.0,2.4959349593495936,692.0,692.0,38.29479768786127,61.70520231213873,359
KHAMMAM,PENUBALLI,GOWRARAM,475,353.0,1.0,828.0,2794.0,12.634216177523264,17.000715819613458,17
KHAMMAM,PENUBALLI,KONDRUPADU,915,645.0,5.0,1560.0,1560.0,41.34615384615385,58.65384615384615,110
KHAMMAM,PENUBALLI,KOTHA KARAIGUDEM,352,240.0,2.4959349593495936,592.0,592.0,40.54054054054054,59.45945945945946,392
KHAMMAM,PENUBALLI,KUPPENAKUNTLA,554,396.0,4.0,950.0,950.0,41.68421052631579,58.31578947368421,264
KHAMMAM,PENUBALLI,LANKAPALLI,669,467.0,5.0,1136.0,1136.0,41.109154929577464,58.890845070422536,196
KHAMMAM,PENUBALLI,LINGAGUDEM,531,373.0,2.0,904.0,904.0,41.26106194690266,58.73893805309734,286
KHAMMAM,PENUBALLI,MANDALAPADU,607,463.0,3.0,1070.0,1070.0,43.27102803738318,56.728971962616825,217
KHAMMAM,PENUBALLI,PATHA KARAIGUDEM,472,366.0,3.0,838.0,838.0,43.67541766109785,56.324582338902154,307
KHAMMAM,PENUBALLI,PENUBALLI,1204,744.0,2.0,1948.0,2918.0,25.496915695681977,41.26113776559287,15
KHAMMAM,PENUBALLI,RAMACHANDRARAO BANJAR,318,282.0,1.0,600.0,600.0,47.0,53.0,388
KHAMMAM,PENUBALLI,TEKULAPALLI,595,475.0,2.0,1070.0,3231.0,14.701330857319716,18.415351284432063,7
KHAMMAM,PENUBALLI,TELAGAVARAM,543,407.0,2.4959349593495936,950.0,950.0,42.84210526315789,57.15789473684211,264
KHAMMAM,PENUBALLI,THALLAPENTA,388,298.0,1.0,686.0,686.0,43.440233236151606,56.559766763848394,361
KHAMMAM,PENUBALLI,THUMMALAPALLY,219,146.0,2.4959349593495936,365.0,365.0,40.0,60.0,489
KHAMMAM,PENUBALLI,YEDLA BANJARA,236,166.0,2.4959349593495936,402.0,402.0,41.29353233830846,58.70646766169154,480
KHAMMAM,PENUBALLI,YERUGHATLA,326,260.0,2.4959349593495936,586.0,586.0,44.36860068259386,55.631399317406135,397
KHAMMAM,PINAPAKA,ANANTHARAM,346,214.0,2.4959349593495936,560.0,1758.0,12.17292377701934,19.681456200227533,76
KHAMMAM,PINAPAKA,BATTUPALLI,354,211.0,2.4959349593495936,565.0,565.0,37.34513274336283,62.65486725663717,409
KHAMMAM,PINAPAKA,BAYYARAM,1309,879.0,2.4959349593495936,2188.0,3053.0,28.791352767769407,42.875859810022924,13
KHAMMAM,PINAPAKA,DUGINEPALLI,729,508.0,2.4959349593495936,1237.0,1237.0,41.06709781729992,58.932902182700076,172
KHAMMAM,PINAPAKA,ELCHIREDDIPALLY,416,279.0,2.4959349593495936,695.0,695.0,40.14388489208633,59.856115107913666,357
KHAMMAM,PINAPAKA,JANAMPETA,1348,996.0,4.0,2344.0,2344.0,42.491467576791806,57.508532423208194,27
KHAMMAM,PINAPAKA,KARAKAGUDEM,715,469.0,7.0,1184.0,1184.0,39.611486486486484,60.38851351351351,179
KHAMMAM,PINAPAKA,MALLARAM,407,263.0,2.0,670.0,3295.0,7.981790591805766,12.352048558421851,5
KHAMMAM,PINAPAKA,PADMA PURAM,608,434.0,1.0,1042.0,1042.0,41.65067178502879,58.34932821497121,228
KHAMMAM,PINAPAKA,PINAPAKA,606,379.0,2.0,985.0,1948.0,19.455852156057496,31.108829568788497,57
KHAMMAM,PINAPAKA,POTLAPALLI,513,325.0,1.0,838.0,838.0,38.782816229116946,61.217183770883054,307
KHAMMAM,PINAPAKA,REGALLA,304,242.0,2.4959349593495936,546.0,3054.0,7.9240340537000655,9.954158480681075,12
KHAMMAM,PINAPAKA,SAMATH MOTHE,721,482.0,2.0,1203.0,1203.0,40.0665004156276,59.933499584372406,176
KHAMMAM,PINAPAKA,SAMATHBATTUPALLI,482,308.0,1.0,790.0,790.0,38.9873417721519,61.01265822784811,324
KHAMMAM,PINAPAKA,SINGIREDDIPALLI,353,274.0,2.4959349593495936,627.0,627.0,43.70015948963317,56.29984051036683,379
KHAMMAM,PINAPAKA,UPPAKA,981,649.0,6.0,1630.0,1630.0,39.8159509202454,60.1840490797546,98
KHAMMAM,PINAPAKA,VENKATRAOPETA,189,123.0,1.0,312.0,312.0,39.42307692307692,60.57692307692307,501
KHAMMAM,SATHUPALLE,BETHUPALLI,633,452.0,3.0,1085.0,1085.0,41.65898617511521,58.34101382488479,213
KHAMMAM,SATHUPALLE,BUGGAPADU,536,385.0,1.0,921.0,921.0,41.80238870792617,58.19761129207384,278
KHAMMAM,SATHUPALLE,CHERUKUPALLI,308,234.0,2.0,542.0,542.0,43.17343173431734,56.82656826568265,420
KHAMMAM,SATHUPALLE,GANGARAM,998,675.0,2.0,1673.0,3762.0,17.942583732057415,26.528442317916003,2
KHAMMAM,SATHUPALLE,KAKARLAPALLI,858,590.0,4.0,1448.0,1448.0,40.74585635359116,59.25414364640884,128
KHAMMAM,SATHUPALLE,KISTAPURAM,365,262.0,1.0,627.0,1065.0,24.60093896713615,34.27230046948357,220
KHAMMAM,SATHUPALLE,KISTARAM,765,582.0,3.0,1347.0,1347.0,43.207126948775056,56.792873051224944,141
KHAMMAM,SATHUPALLE,NARAYANAPURAM,251,183.0,2.0,434.0,1428.0,12.815126050420167,17.577030812324928,133
KHAMMAM,SATHUPALLE,PAKALAGUDEM,198,167.0,2.0,365.0,365.0,45.75342465753425,54.24657534246575,489
KHAMMAM,SATHUPALLE,RAMANAGARAM,398,271.0,2.4959349593495936,669.0,669.0,40.50822122571002,59.49177877428998,368
KHAMMAM,SATHUPALLE,REJERLA,874,635.0,2.0,1509.0,1876.0,33.84861407249467,46.588486140724946,65
KHAMMAM,SATHUPALLE,RUDRAKSHAPALLI,748,566.0,5.0,1314.0,1314.0,43.07458143074581,56.925418569254184,154
KHAMMAM,SATHUPALLE,SADASIVUNIPALEM,300,216.0,1.0,516.0,516.0,41.86046511627907,58.139534883720934,428
KHAMMAM,SATHUPALLE,SIDDARAM,744,539.0,2.0,1283.0,1283.0,42.01091192517537,57.989088074824636,163
KHAMMAM,SATHUPALLE,THUMBUR,541,428.0,2.4959349593495936,969.0,969.0,44.169246646026835,55.83075335397317,257
KHAMMAM,SATHUPALLE,YATALAKUNTA,358,221.0,2.0,579.0,579.0,38.1692573402418,61.83074265975821,402
KHAMMAM,SINGARENI,BAJUMALLAIGUDEM,476,325.0,3.0,801.0,801.0,40.574282147315856,59.425717852684144,320
KHAMMAM,SINGARENI,BHAGYA NAGAR THANDA,1072,691.0,1.0,1763.0,1763.0,39.19455473624504,60.80544526375496,75
KHAMMAM,SINGARENI,CHEEMALAPADU,528,384.0,2.4959349593495936,912.0,912.0,42.10526315789473,57.89473684210527,283
KHAMMAM,SINGARENI,DUBBA THANDA,518,341.0,3.0,859.0,859.0,39.69732246798603,60.30267753201397,301
KHAMMAM,SINGARENI,GIDDAVARIGUDEM,368,242.0,2.4959349593495936,610.0,610.0,39.67213114754099,60.32786885245902,386
KHAMMAM,SINGARENI,KAMALAPURAM,345,233.0,2.0,578.0,1887.0,12.347641759406464,18.282988871224166,63
KHAMMAM,SINGARENI,KAREPALLE (GATE),432,280.0,2.4959349593495936,712.0,712.0,39.325842696629216,60.67415730337079,348
KHAMMAM,SINGARENI,KOMATLAGUDEM,621,452.0,2.0,1073.0,1869.0,24.184055644729803,33.22632423756019,67
KHAMMAM,SINGARENI,MADHARAM,1241,752.0,2.0,1993.0,1993.0,37.73206221776217,62.26793778223784,53
KHAMMAM,SINGARENI,MANIKYARAM,725,585.0,2.0,1310.0,2320.0,25.21551724137931,31.25,29
KHAMMAM,SINGARENI,PERUPALLE,1126,746.0,3.0,1872.0,1872.0,39.85042735042735,60.14957264957265,66
KHAMMAM,SINGARENI,POLAMPALLY,372,221.0,4.0,593.0,593.0,37.268128161888704,62.731871838111296,391
KHAMMAM,SINGARENI,RELAKAYALAPALLI,787,528.0,4.0,1315.0,1315.0,40.152091254752854,59.847908745247146,153
KHAMMAM,SINGARENI,SEETHARAMPURAM,789,565.0,3.0,1354.0,3176.0,17.789672544080602,24.842569269521412,8
KHAMMAM,SINGARENI,SINGARENI,1011,565.0,3.0,1576.0,1576.0,35.8502538071066,64.1497461928934,107
KHAMMAM,SINGARENI,TEKULAGUDEM,147,81.0,2.0,228.0,228.0,35.526315789473685,64.47368421052632,512
KHAMMAM,SINGARENI,THODITHALA GUDEM,278,155.0,2.4959349593495936,433.0,433.0,35.79676674364896,64.20323325635104,466
KHAMMAM,SINGARENI,USIRIKAYALAPALLE,601,367.0,2.0,968.0,968.0,37.913223140495866,62.086776859504134,258
KHAMMAM,SINGARENI,VISWANADHAPALLE,679,469.0,1.0,1148.0,1148.0,40.853658536585364,59.14634146341463,190
KHAMMAM,TALLADA,ANNARGUDEM,1390,941.0,2.0,2331.0,2331.0,40.36894036894037,59.631059631059635,28
KHAMMAM,TALLADA,BASAVAPURAM,252,177.0,2.4959349593495936,429.0,429.0,41.25874125874126,58.74125874125874,468
KHAMMAM,TALLADA,BILLUPADU,629,438.0,2.4959349593495936,1067.0,1067.0,41.04967197750703,58.95032802249297,219
KHAMMAM,TALLADA,GOLLAGUDEM,301,206.0,2.4959349593495936,507.0,1543.0,13.350615683732988,19.50745301360985,113
KHAMMAM,TALLADA,GOPALAPETA,315,195.0,1.0,510.0,510.0,38.23529411764706,61.76470588235294,432
KHAMMAM,TALLADA,KALAKODIMA,562,403.0,2.4959349593495936,965.0,965.0,41.76165803108808,58.238341968911925,260
KHAMMAM,TALLADA,KESAVAPURAM,124,78.0,1.0,202.0,202.0,38.613861386138616,61.386138613861384,515
KHAMMAM,TALLADA,KODAVATIMETTA,289,164.0,1.0,453.0,453.0,36.20309050772627,63.796909492273734,459
KHAMMAM,TALLADA,KOTHA VENKATAGIRI,282,179.0,1.0,461.0,461.0,38.82863340563991,61.17136659436009,456
KHAMMAM,TALLADA,KURNAVALLI,855,555.0,1.0,1410.0,1410.0,39.361702127659576,60.63829787234043,135
KHAMMAM,TALLADA,LAXMIPURAM,187,116.0,2.0,303.0,1742.0,6.659012629161882,10.734787600459242,79
KHAMMAM,TALLADA,MALLARAM,918,640.0,5.0,1558.0,3295.0,19.423368740515933,27.86039453717754,5
KHAMMAM,TALLADA,MITTAPALLI,676,441.0,1.0,1117.0,1117.0,39.48075201432408,60.51924798567592,202
KHAMMAM,TALLADA,MUDDUNURU,415,313.0,3.0,728.0,728.0,42.994505494505496,57.005494505494504,343
KHAMMAM,TALLADA,NUTHANKAL,469,332.0,1.0,801.0,801.0,41.4481897627965,58.5518102372035,320
KHAMMAM,TALLADA,PINAPAKA,564,399.0,1.0,963.0,1948.0,20.482546201232033,28.952772073921974,57
KHAMMAM,TALLADA,RAMANUJAVARAM,293,187.0,1.0,480.0,480.0,38.958333333333336,61.04166666666667,451
KHAMMAM,TALLADA,RANGAM BANJAR,430,290.0,1.0,720.0,720.0,40.27777777777778,59.72222222222222,345
KHAMMAM,TALLADA,REJERLA,224,143.0,2.4959349593495936,367.0,1876.0,7.622601279317697,11.940298507462686,65
KHAMMAM,TALLADA,TELAGARAM,141,107.0,2.4959349593495936,248.0,995.0,10.753768844221105,14.170854271356784,244
KHAMMAM,TALLADA,THALLADA,1988,1253.0,7.0,3241.0,3241.0,38.66090712742981,61.33909287257019,6
KHAMMAM,TALLADA,VENGANNAPETA,353,257.0,3.0,610.0,610.0,42.131147540983605,57.868852459016395,386
KHAMMAM,TEKULAPALLE,BETHAMPUDI,1231,885.0,3.0,2116.0,2116.0,41.8241965973535,58.175803402646494,43
KHAMMAM,TEKULAPALLE,BODDU THANDA,617,469.0,3.0,1086.0,1086.0,43.18600368324125,56.813996316758754,212
KHAMMAM,TEKULAPALLE,BODU,1257,899.0,3.0,2156.0,2156.0,41.69758812615956,58.30241187384044,40
KHAMMAM,TEKULAPALLE,GANGARAM,1216,873.0,3.0,2089.0,3762.0,23.205741626794257,32.323232323232325,2
KHAMMAM,TEKULAPALLE,GOLLAPALLE,791,546.0,1.0,1337.0,1337.0,40.83769633507853,59.16230366492147,144
KHAMMAM,TEKULAPALLE,KOPPURAI,703,580.0,5.0,1283.0,1283.0,45.20654715510522,54.79345284489477,163
KHAMMAM,TEKULAPALLE,KOYAGUDEM,1199,915.0,2.4959349593495936,2114.0,2114.0,43.28287606433302,56.71712393566698,44
KHAMMAM,TEKULAPALLE,PEGALLAPADU,942,637.0,1.0,1579.0,2044.0,31.164383561643838,46.08610567514677,49
KHAMMAM,TEKULAPALLE,SHAMBUNIGUDEM,512,364.0,2.4959349593495936,876.0,876.0,41.55251141552511,58.44748858447488,297
KHAMMAM,TEKULAPALLE,SULANAGAR,805,529.0,2.4959349593495936,1334.0,1334.0,39.6551724137931,60.3448275862069,146
KHAMMAM,TEKULAPALLE,TEKULAPALLI,1307,854.0,2.4959349593495936,2161.0,3231.0,26.431445372949554,40.451872485298665,7
KHAMMAM,TEKULAPALLE,THADIKALAPUDI,775,548.0,2.0,1323.0,1323.0,41.42101284958428,58.57898715041572,149
KHAMMAM,THIRUMALAYAPALEM,BACHODU,665,490.0,2.4959349593495936,1155.0,1155.0,42.42424242424242,57.57575757575758,186
KHAMMAM,THIRUMALAYAPALEM,BACHODU THANDA,273,201.0,2.4959349593495936,474.0,474.0,42.405063291139236,57.59493670886076,453
KHAMMAM,THIRUMALAYAPALEM,BEEROLU,1005,634.0,2.0,1639.0,1639.0,38.682123245881634,61.31787675411836,96
KHAMMAM,THIRUMALAYAPALEM,CHANDRU THANDA,352,213.0,1.0,565.0,565.0,37.69911504424779,62.30088495575221,409
KHAMMAM,THIRUMALAYAPALEM,DAMMAIGUDEM,312,176.0,2.4959349593495936,488.0,488.0,36.0655737704918,63.934426229508205,447
KHAMMAM,THIRUMALAYAPALEM,EDULLACHERUVU,383,267.0,1.0,650.0,650.0,41.07692307692308,58.92307692307692,372
KHAMMAM,THIRUMALAYAPALEM,ERRAGADDA,271,185.0,2.4959349593495936,456.0,456.0,40.57017543859649,59.42982456140351,457
KHAMMAM,THIRUMALAYAPALEM,GOL THANDA,382,237.0,1.0,619.0,619.0,38.28756058158319,61.7124394184168,383
KHAMMAM,THIRUMALAYAPALEM,HASNABAD,487,334.0,2.0,821.0,821.0,40.68209500609014,59.31790499390986,314
KHAMMAM,THIRUMALAYAPALEM,HYDERSAIPET,607,428.0,1.0,1035.0,1035.0,41.35265700483092,58.64734299516908,231
KHAMMAM,THIRUMALAYAPALEM,ISLAVATH THANDA,495,346.0,3.0,841.0,841.0,41.14149821640904,58.85850178359097,305
KHAMMAM,THIRUMALAYAPALEM,JALLEPALLI,458,279.0,2.0,737.0,737.0,37.8561736770692,62.14382632293079,338
KHAMMAM,THIRUMALAYAPALEM,JUPEDA,379,318.0,1.0,697.0,697.0,45.62410329985653,54.375896700143464,355
KHAMMAM,THIRUMALAYAPALEM,KAKARAVAI,1439,1042.0,3.0,2481.0,2481.0,41.99919387343813,58.00080612656187,23
KHAMMAM,THIRUMALAYAPALEM,KOKKIRENI,363,236.0,2.4959349593495936,599.0,599.0,39.39899833055092,60.60100166944908,389
KHAMMAM,THIRUMALAYAPALEM,MEDIDEPALLE,766,546.0,4.0,1312.0,1312.0,41.61585365853659,58.38414634146341,155
KHAMMAM,THIRUMALAYAPALEM,MOHAMMADAPURAM,412,290.0,1.0,702.0,702.0,41.31054131054131,58.68945868945868,354
KHAMMAM,THIRUMALAYAPALEM,PAINAMPALLI,361,264.0,2.4959349593495936,625.0,1633.0,16.16656460502143,22.106552357624004,97
KHAMMAM,THIRUMALAYAPALEM,PATHARLAPADU,470,291.0,3.0,761.0,2077.0,14.01059220028888,22.62879152623977,47
KHAMMAM,THIRUMALAYAPALEM,PINDIPROLU,924,646.0,1.0,1570.0,1570.0,41.146496815286625,58.853503184713375,108
KHAMMAM,THIRUMALAYAPALEM,RAGHUNADHAPALEM,291,201.0,1.0,492.0,492.0,40.853658536585364,59.14634146341463,445
KHAMMAM,THIRUMALAYAPALEM,RAJARAM,257,212.0,2.4959349593495936,469.0,469.0,45.20255863539446,54.79744136460555,454
KHAMMAM,THIRUMALAYAPALEM,SOLIPURAM,310,244.0,2.4959349593495936,554.0,554.0,44.04332129963899,55.95667870036101,414
KHAMMAM,THIRUMALAYAPALEM,SUBLAID,755,485.0,2.4959349593495936,1240.0,1240.0,39.11290322580645,60.88709677419355,171
KHAMMAM,THIRUMALAYAPALEM,THALLA CHERUVU,273,178.0,1.0,451.0,451.0,39.467849223946786,60.532150776053214,460
KHAMMAM,THIRUMALAYAPALEM,THETTELAPADU,421,265.0,1.0,686.0,686.0,38.629737609329446,61.37026239067055,361
KHAMMAM,THIRUMALAYAPALEM,THIRUMALAYAPALEM,718,413.0,2.4959349593495936,1131.0,1131.0,36.51635720601238,63.48364279398763,197
KHAMMAM,THIRUMALAYAPALEM,TIPPAREDDIGUDEM,354,231.0,1.0,585.0,585.0,39.48717948717949,60.51282051282051,398
KHAMMAM,VARARAMACHANDRAPURAM,SRIRAMGIRI,1,1.0,2.4959349593495936,2.0,506.0,0.1976284584980237,0.1976284584980237,435
KHAMMAM,VELAIRPADU,KATUKUR,1,420.97667638483966,2.4959349593495936,421.97667638483966,421.97667638483966,99.76302007765756,0.23697992234243945,471
KHAMMAM,VEMSOOR,ADSARLAPADU,623,460.0,1.0,1083.0,1083.0,42.47460757156048,57.52539242843952,214
KHAMMAM,VEMSOOR,AMMAPALEM,377,300.0,1.0,677.0,1701.0,17.636684303350968,22.163433274544385,84
KHAMMAM,VEMSOOR,BEERAPALLI,271,225.0,4.0,496.0,496.0,45.36290322580645,54.63709677419355,441
KHAMMAM,VEMSOOR,BHARANIPADU,232,185.0,2.0,417.0,417.0,44.36450839328538,55.63549160671462,473
KHAMMAM,VEMSOOR,BHEEMAVARAM,335,264.0,3.0,599.0,1626.0,16.236162361623617,20.60270602706027,99
KHAMMAM,VEMSOOR,DUDDIPUDI,360,255.0,2.4959349593495936,615.0,615.0,41.46341463414634,58.536585365853654,384
KHAMMAM,VEMSOOR,KALLURUGUDEM,394,265.0,1.0,659.0,659.0,40.21244309559939,59.78755690440061,369
KHAMMAM,VEMSOOR,KANDUKURU,971,749.0,6.0,1720.0,1720.0,43.54651162790697,56.45348837209302,82
KHAMMAM,VEMSOOR,KONDRAGATLAMALLELA,695,561.0,2.4959349593495936,1256.0,1256.0,44.6656050955414,55.33439490445859,165
KHAMMAM,VEMSOOR,KUNCHAPARTHI,391,279.0,1.0,670.0,670.0,41.64179104477612,58.35820895522388,367
KHAMMAM,VEMSOOR,LACHANNAGUDEM,291,220.0,2.4959349593495936,511.0,511.0,43.05283757338552,56.94716242661448,431
KHAMMAM,VEMSOOR,LINGAPALEM,323,237.0,1.0,560.0,560.0,42.32142857142857,57.67857142857142,411
KHAMMAM,VEMSOOR,MARLAPADU,631,463.0,1.0,1094.0,1094.0,42.321755027422306,57.678244972577694,209
KHAMMAM,VEMSOOR,MODDULAGUDEM,260,184.0,3.0,444.0,1301.0,14.142966948501154,19.984627209838585,157
KHAMMAM,VEMSOOR,PALLEVADA,292,209.0,2.0,501.0,501.0,41.71656686626746,58.28343313373253,439
KHAMMAM,VEMSOOR,RAMANNAPELEM,378,296.0,2.4959349593495936,674.0,674.0,43.916913946587535,56.083086053412465,365
KHAMMAM,VEMSOOR,V.VENKATAPURAM,607,438.0,3.0,1045.0,1045.0,41.91387559808612,58.08612440191388,227
KHAMMAM,VEMSOOR,VEMSOOR,718,444.0,4.0,1162.0,1162.0,38.209982788296045,61.79001721170396,183
KHAMMAM,VEMSOOR,YERRAGUNTA,506,395.0,2.4959349593495936,901.0,901.0,43.84017758046615,56.15982241953385,288
KHAMMAM,VENKATAPURAM,ALUBAKA,904,675.0,1.0,1579.0,1579.0,42.74857504749841,57.25142495250159,106
KHAMMAM,VENKATAPURAM,BARLAGUDEM,442,339.0,2.4959349593495936,781.0,781.0,43.40588988476313,56.59411011523687,326
KHAMMAM,VENKATAPURAM,EDHIRA,310,205.0,2.4959349593495936,515.0,515.0,39.80582524271845,60.19417475728155,429
KHAMMAM,VENKATAPURAM,MARIKALA,865,604.0,2.0,1469.0,1469.0,41.11640571817563,58.88359428182437,125
KHAMMAM,VENKATAPURAM,MORRAVARIGUDEM,542,429.0,3.0,971.0,971.0,44.18125643666323,55.81874356333677,256
KHAMMAM,VENKATAPURAM,PATHRAPURAM,1061,752.0,2.0,1813.0,1813.0,41.478212906784336,58.52178709321566,70
KHAMMAM,VENKATAPURAM,SURAVEEDU,649,464.0,1.0,1113.0,1113.0,41.689128481581314,58.310871518418686,204
KHAMMAM,VENKATAPURAM,VEERABHADRARAM,261,176.0,2.4959349593495936,437.0,437.0,40.274599542334094,59.7254004576659,464
KHAMMAM,VENKATAPURAM,VENKATAPURAM,515,350.0,5.0,865.0,2912.0,12.01923076923077,17.685439560439562,16
KHAMMAM,WAZEED,CHERUKUR (G),539,339.0,2.4959349593495936,878.0,878.0,38.61047835990888,61.38952164009112,296
KHAMMAM,WAZEED,CHINTOOR,980,645.0,6.0,1625.0,1625.0,39.69230769230769,60.30769230769231,100
KHAMMAM,WAZEED,EDJARLAPALLI (G),678,450.0,2.0,1128.0,1128.0,39.8936170212766,60.1063829787234,199
KHAMMAM,WAZEED,GUMMADIDODDI(Z),258,133.0,2.4959349593495936,391.0,391.0,34.015345268542205,65.98465473145781,484
KHAMMAM,WAZEED,KONGALA (G),370,220.0,2.0,590.0,590.0,37.28813559322034,62.71186440677966,394
KHAMMAM,WAZEED,KRISHNAPURAM (G),690,456.0,2.4959349593495936,1146.0,1146.0,39.79057591623037,60.20942408376963,191
KHAMMAM,WAZEED,MURMUR (G),801,544.0,2.0,1345.0,1345.0,40.446096654275095,59.55390334572491,142
KHAMMAM,WAZEED,PERURU (G),851,568.0,2.0,1419.0,1419.0,40.02818886539817,59.97181113460183,134
KHAMMAM,WAZEED,WAZEEDU NAGARAM,697,464.0,1.0,1161.0,1161.0,39.96554694229113,60.03445305770887,184
KHAMMAM,WYRA,ASTNAGURTHY,357,245.0,2.4959349593495936,602.0,602.0,40.69767441860465,59.30232558139535,387
KHAMMAM,WYRA,DACHAPURAM,307,195.0,2.4959349593495936,502.0,502.0,38.84462151394422,61.15537848605578,438
KHAMMAM,WYRA,GANNAVARAM,631,407.0,6.0,1038.0,1038.0,39.21001926782274,60.78998073217726,230
KHAMMAM,WYRA,GARIKAPADU,369,259.0,2.4959349593495936,628.0,628.0,41.24203821656051,58.75796178343949,378
KHAMMAM,WYRA,GOLLANAPADU,397,246.0,1.0,643.0,643.0,38.25816485225506,61.74183514774495,374
KHAMMAM,WYRA,GOLLAPUDI,550,348.0,1.0,898.0,898.0,38.75278396436526,61.24721603563474,290
KHAMMAM,WYRA,KHANAPURAM,236,151.0,2.4959349593495936,387.0,387.0,39.01808785529715,60.98191214470285,485
KHAMMAM,WYRA,KONDA KODIMA,371,217.0,1.0,588.0,588.0,36.904761904761905,63.095238095238095,396
KHAMMAM,WYRA,LAKSHMIPURAM,110,61.0,2.4959349593495936,171.0,2004.0,3.0439121756487024,5.489021956087824,51
KHAMMAM,WYRA,LINGANNAPALEM,152,90.0,2.4959349593495936,242.0,242.0,37.1900826446281,62.8099173553719,510
KHAMMAM,WYRA,MUSALIMADUGU,281,212.0,2.4959349593495936,493.0,1666.0,12.725090036014405,16.86674669867947,91
KHAMMAM,WYRA,NARAPANENIPALLI,214,144.0,1.0,358.0,358.0,40.22346368715084,59.77653631284916,490
KHAMMAM,WYRA,PALADUGU,462,306.0,2.4959349593495936,768.0,768.0,39.84375,60.15625,332
KHAMMAM,WYRA,PUNYAPURAM,276,212.0,2.4959349593495936,488.0,488.0,43.44262295081967,56.557377049180324,447
KHAMMAM,WYRA,REBBAVARAM,658,356.0,5.0,1014.0,1014.0,35.108481262327416,64.89151873767258,239
KHAMMAM,WYRA,SIRIPURAM(K.G),644,410.0,2.0,1054.0,1054.0,38.89943074003795,61.10056925996204,222
KHAMMAM,WYRA,SOMAVARAM,515,350.0,2.4959349593495936,865.0,865.0,40.46242774566474,59.53757225433526,299
KHAMMAM,WYRA,TATIPUDI,626,404.0,2.0,1030.0,1030.0,39.22330097087379,60.77669902912621,233
KHAMMAM,WYRA,VALLAPURAM,257,179.0,1.0,436.0,1138.0,15.729349736379614,22.58347978910369,195
KHAMMAM,WYRA,VIPPALA MADAKA,326,219.0,2.0,545.0,545.0,40.18348623853211,59.816513761467895,418
KHAMMAM,YELLANDU,CHALLA SAMUDRAM,2010,1313.0,3.0,3323.0,3323.0,39.51248871501655,60.487511284983455,3
KHAMMAM,YELLANDU,KOMARARAM,1079,763.0,2.4959349593495936,1842.0,1842.0,41.42236699239957,58.57763300760044,68
KHAMMAM,YELLANDU,MANIKYARAM,591,419.0,1.0,1010.0,2320.0,18.060344827586206,25.474137931034484,29
KHAMMAM,YELLANDU,MARRIGUDEM,457,330.0,2.4959349593495936,787.0,2572.0,12.830482115085537,17.76827371695179,20
KHAMMAM,YELLANDU,POLARAM,744,552.0,2.0,1296.0,1296.0,42.592592592592595,57.407407407407405,158
KHAMMAM,YELLANDU,RAGHABOINAGUDEM,608,425.0,2.0,1033.0,1033.0,41.142303969022265,58.857696030977735,232
KHAMMAM,YELLANDU,ROMPAID,515,350.0,2.4959349593495936,865.0,865.0,40.46242774566474,59.53757225433526,299
KHAMMAM,YELLANDU,SUDIMALLA,515,350.0,2.4959349593495936,865.0,865.0,40.46242774566474,59.53757225433526,299
KHAMMAM,YERRUPALEM,AYYAVARIGUDEM,427,312.0,2.4959349593495936,739.0,739.0,42.2192151556157,57.7807848443843,337
KHAMMAM,YERRUPALEM,BANIGANDLAPADU,661,352.0,4.0,1013.0,1013.0,34.748272458045406,65.25172754195458,240
KHAMMAM,YERRUPALEM,BANJARA,254,151.0,2.4959349593495936,405.0,405.0,37.28395061728395,62.71604938271606,479
KHAMMAM,YERRUPALEM,BHEEMAVARAM,602,425.0,2.0,1027.0,1626.0,26.137761377613778,37.02337023370234,99
KHAMMAM,YERRUPALEM,BUCHI REDDY PALEM,585,400.0,1.0,985.0,985.0,40.609137055837564,59.390862944162436,251
KHAMMAM,YERRUPALEM,CHOPPAKATLA PALEM,392,265.0,2.4959349593495936,657.0,1513.0,17.514871116986118,25.908790482485127,117
KHAMMAM,YERRUPALEM,GATLA GOWRARAM,164,115.0,2.0,279.0,279.0,41.21863799283154,58.78136200716846,506
KHAMMAM,YERRUPALEM,GOSAVEEDU,333,213.0,2.4959349593495936,546.0,546.0,39.010989010989015,60.98901098901099,417
KHAMMAM,YERRUPALEM,GUNTUPALLI GOPAVARAM,440,368.0,1.0,808.0,808.0,45.54455445544555,54.45544554455446,317
KHAMMAM,YERRUPALEM,INAGALI,483,294.0,1.0,777.0,777.0,37.83783783783784,62.16216216216216,328
KHAMMAM,YERRUPALEM,JAMALAPURAM,570,370.0,2.0,940.0,940.0,39.361702127659576,60.63829787234043,270
KHAMMAM,YERRUPALEM,KACHAVARAM,145,91.0,2.4959349593495936,236.0,236.0,38.559322033898304,61.440677966101696,511
KHAMMAM,YERRUPALEM,KOTHAPALEM,430,277.0,1.0,707.0,707.0,39.17963224893918,60.82036775106082,351
KHAMMAM,YERRUPALEM,MAMUNURU,827,509.0,1.0,1336.0,1336.0,38.09880239520958,61.90119760479041,145
KHAMMAM,YERRUPALEM,MEENAVOLE,734,434.0,1.0,1168.0,1168.0,37.15753424657534,62.84246575342466,182
KHAMMAM,YERRUPALEM,MULUGUMADU,314,201.0,2.0,515.0,515.0,39.029126213592235,60.970873786407765,429
KHAMMAM,YERRUPALEM,PEDDA GOPARAM,365,200.0,7.0,565.0,565.0,35.39823008849557,64.60176991150442,409
KHAMMAM,YERRUPALEM,PEGALLAPADU,291,174.0,1.0,465.0,2044.0,8.512720156555773,14.23679060665362,49
KHAMMAM,YERRUPALEM,RAJUPALEM,547,398.0,3.0,945.0,945.0,42.11640211640212,57.88359788359788,267
KHAMMAM,YERRUPALEM,REMIDICHERLA,521,338.0,2.4959349593495936,859.0,859.0,39.34807916181606,60.65192083818394,301
KHAMMAM,YERRUPALEM,SAKHINA VEEDU,317,177.0,2.0,494.0,494.0,35.82995951417004,64.17004048582996,443
KHAMMAM,YERRUPALEM,THAKKELLA PADU,463,277.0,1.0,740.0,740.0,37.432432432432435,62.56756756756757,336
KHAMMAM,YERRUPALEM,YERRUPALEM,1070,594.0,4.0,1664.0,1664.0,35.69711538461539,64.30288461538461,93
